RequestURI,StartTime,EndTime,Interval,Duration
req2024-05-12T11:55:01.600192600Z0.49254248317749383,1706693050120,1727435621548,0,604450,50
req2024-05-12T11:55:01.607219600Z0.17851787577202138,1706692781670,1727428353098,0,332850,50
req2024-05-12T11:55:01.610755Z0.6629306001892412,1706693552020,1727426123448,0,1287580,0
req2024-05-12T11:55:01.608222Z0.04414363765594709,1706694155770,1727428727198,0,1161860,0
req2024-05-12T11:55:01.608222Z0.280444574377798,1706693042140,1727427613568,0,507780,50
req2024-05-12T11:55:01.607219600Z0.5712358517405435,1706692497750,1727428069178,0,318290,50
req2024-05-12T11:55:01.600192600Z0.38464833005527066,1706692957090,1727435528518,0,438130,50
req2024-05-12T11:55:01.609738800Z0.6380544517077672,1706694173830,1727427745258,0,1141910,0
req2024-05-12T11:55:01.608222Z0.008967179311734186,1706694708980,1727429280408,0,1067710,0
req2024-05-12T11:55:01.606218800Z0.9111112367027511,1706693049980,1727429621408,0,607390,50
req2024-05-12T11:55:01.608222Z0.3569857239922619,1706692497750,1727427069178,0,544670,50
req2024-05-12T11:55:01.601207600Z0.1087326198527403,1706692495090,1727434066518,0,417620,50
req2024-05-12T11:55:01.603221200Z0.8520892289773025,1706692139770,1727431711198,0,492450,50
req2024-05-12T11:55:01.607219600Z0.7769834183951336,1706693483630,1727429055058,0,1195460,0
req2024-05-12T11:55:01.608222Z0.3336280520699192,1706692448540,1727427019968,0,114590,50
req2024-05-12T11:55:01.572563100Z0.6866692370035506,1706694708280,1727465279708,0,1071980,0
req2024-05-12T11:55:01.601207600Z0.49760190893169376,1706693049490,1727434620918,0,607390,50
req2024-05-12T11:55:01.603221200Z0.9193971699065416,1706693249760,1727432821188,0,535850,50
req2024-05-12T11:55:01.598682Z0.822866582026746,1706693486710,1727438058138,0,1136100,0
req2024-05-12T11:55:01.602228300Z0.3954570645719372,1706692496980,1727433068408,0,350000,50
req2024-05-12T11:55:01.601207600Z0.022044442490162686,1706693553000,1727435124428,0,1208270,0
req2024-05-12T11:55:01.608222Z0.11436105934081953,1706694708210,1727429279638,0,1076810,0
req2024-05-12T11:55:01.610755Z0.6955084324183637,1706693362740,1727425934168,0,382970,2
req2024-05-12T11:55:01.598682Z0.7626394207165604,1706694214220,1727438785648,0,1410710,0
req2024-05-12T11:55:01.608222Z0.35512359569966057,1706694697920,1727429269348,0,729890,0
req2024-05-12T11:55:01.610755Z0.49394623541764415,1706694709050,1727427280478,0,1054340,0
req2024-05-12T11:55:01.608222Z0.6555573567512281,1706692488020,1727427059448,0,276290,50
req2024-05-12T11:55:01.610755Z0.1624948714492377,1706693553280,1727426124708,0,1468320,0
req2024-05-12T11:55:01.603221200Z0.9059665583247296,1706692496490,1727432067918,0,385000,50
req2024-05-12T11:55:01.603221200Z0.2766374131423759,1706692495230,1727432066658,0,411740,50
req2024-05-12T11:55:01.608222Z0.25180292750752875,1706692497470,1727427068898,0,321020,50
req2024-05-12T11:55:01.602228300Z0.31576896949414335,1706693553280,1727434124708,0,1463210,0
req2024-05-12T11:55:01.606218800Z0.19636976339557177,1706693741090,1727430312518,0,1448230,0
req2024-05-12T11:55:01.609738800Z0.13223667834597697,1706693258370,1727426829798,0,458710,44
req2024-05-12T11:55:01.596681500Z0.025011661097895765,1706693042210,1727439613638,0,507080,50
req2024-05-12T11:55:01.609738800Z0.23230046252472258,1706693553210,1727427124638,0,1200220,0
req2024-05-12T11:55:01.608222Z0.5156081114180955,1706693570850,1727428142278,0,1447320,0
req2024-05-12T11:55:01.600192600Z0.6575957074295928,1706692456940,1727435028368,0,95200,50
req2024-05-12T11:55:01.610755Z0.9210936127560957,1706693490840,1727426062268,0,1365840,0
req2024-05-12T11:55:01.601207600Z0.08964287146745586,1706692429080,1727434000508,0,139860,50
req2024-05-12T11:55:01.601207600Z0.13361540423518048,1706692774320,1727434345748,0,346430,50
req2024-05-12T11:55:01.599681800Z0.7668728371452516,1706693258650,1727436830078,0,430920,12
req2024-05-12T11:55:01.609738800Z0.7337607923892149,1706693448210,1727427019638,0,630490,9
req2024-05-12T11:55:01.608222Z0.4613649984357783,1706692498310,1727427069738,0,491470,50
req2024-05-12T11:55:01.603221200Z0.8891255514852753,1706693050190,1727432621618,0,605360,50
req2024-05-12T11:55:01.592693800Z0.5085945486238097,1706693807240,1727444378668,0,1360800,0
req2024-05-12T11:55:01.609738800Z0.678257428058365,1706694707020,1727428278448,0,1080940,0
req2024-05-12T11:55:01.599681800Z0.20263251370134894,1706693553070,1727437124498,0,1202880,0
req2024-05-12T11:55:01.603221200Z0.7680680101207294,1706693900480,1727433471908,0,1183490,0
req2024-05-12T11:55:01.603221200Z0.1828505801549024,1706692495230,1727432066658,0,411950,50
req2024-05-12T11:55:01.601207600Z0.7553808751080491,1706693262430,1727434833858,0,409360,2
req2024-05-12T11:55:01.607219600Z0.9397830895620802,1706692497190,1727428068618,0,325290,50
req2024-05-12T11:55:01.598682Z0.7933446210976163,1706694708070,1727439279498,0,1072400,0
req2024-05-12T11:55:01.603221200Z0.29916961745493875,1706692985440,1727432556868,0,392980,50
req2024-05-12T11:55:01.603221200Z0.7973142646053819,1706692448540,1727432019968,0,114240,50
req2024-05-12T11:55:01.609738800Z0.7116033233575689,1706694312990,1727427884418,0,1332030,0
req2024-05-12T11:55:01.572563100Z0.299981317218577,1706693552370,1727464123798,0,1251670,0
req2024-05-12T11:55:01.608222Z0.380663368449475,1706692882750,1727427454178,0,349650,50
req2024-05-12T11:55:01.609738800Z0.4076643450023446,1706692785870,1727426357298,0,316890,50
req2024-05-12T11:55:01.606218800Z0.15002981506830781,1706693042140,1727429613568,0,507640,50
req2024-05-12T11:55:01.603221200Z0.4622631823411115,1706693553000,1727433124428,0,1212260,0
req2024-05-12T11:55:01.608222Z0.29062659377964795,1706693548660,1727428120088,0,1314810,0
req2024-05-12T11:55:01.608222Z0.8476202242227929,1706692836550,1727427407978,0,413700,50
req2024-05-12T11:55:01.608222Z0.31839515649244354,1706693553000,1727428124428,0,1211910,0
req2024-05-12T11:55:01.591668200Z0.11674386617175614,1706694314530,1727445885958,0,1329580,0
req2024-05-12T11:55:01.608222Z0.8525413025448971,1706691887000,1727426458428,0,609210,50
req2024-05-12T11:55:01.599681800Z0.8200612522336224,1706693049980,1727436621408,0,607180,50
req2024-05-12T11:55:01.600192600Z0.305319168691357,1706692497890,1727435069318,0,543060,50
req2024-05-12T11:55:01.606218800Z0.2815814187418123,1706693553280,1727430124708,0,1461110,0
req2024-05-12T11:55:01.601207600Z0.87970811546332,1706692997410,1727434568838,0,360360,50
req2024-05-12T11:55:01.602228300Z0.3995234254345865,1706692497820,1727433069248,0,545580,50
req2024-05-12T11:55:01.600192600Z0.04136587127216407,1706693050330,1727435621758,0,600110,50
req2024-05-12T11:55:01.557898300Z0.23031054959170927,1706694176070,1727479747498,0,1137500,0
req2024-05-12T11:55:01.604220600Z0.10528993496700889,1706694713180,1727433284608,0,1025920,0
req2024-05-12T11:55:01.608222Z0.5662493322329855,1706692142640,1727426714068,0,483840,50
req2024-05-12T11:55:01.582092500Z0.875065018921429,1706693049070,1727453620498,0,456540,50
req2024-05-12T11:55:01.608222Z0.6424076931815582,1706693209300,1727427780728,0,597450,50
req2024-05-12T11:55:01.608222Z0.7426871268067963,1706693050120,1727427621548,0,605570,50
req2024-05-12T11:55:01.486057200Z0.6109486505276506,1706694713600,1727551285028,0,1094520,0
req2024-05-12T11:55:01.600192600Z0.7866585503139064,1706693548660,1727436120088,0,1315580,0
req2024-05-12T11:55:01.609738800Z0.4069871760615582,1706693898310,1727427469738,0,1203160,0
req2024-05-12T11:55:01.608222Z0.7305997950450468,1706694708490,1727429279918,0,1071980,0
req2024-05-12T11:55:01.600192600Z0.26797878279097587,1706692498170,1727435069598,0,498750,50
req2024-05-12T11:55:01.606218800Z0.9484651316832449,1706692495230,1727429066658,0,411390,50
req2024-05-12T11:55:01.602228300Z0.6246666472397667,1706693807170,1727434378598,0,1368360,0
req2024-05-12T11:55:01.606218800Z0.25074802548907127,1706692497890,1727429069318,0,544460,50
req2024-05-12T11:55:01.607219600Z0.4391318868632401,1706693553280,1727429124708,0,1477490,0
req2024-05-12T11:55:01.611755300Z0.3146132287058119,1706693042070,1727424613498,0,509880,50
req2024-05-12T11:55:01.606218800Z0.5782236138483768,1706692972980,1727429544408,0,417130,50
req2024-05-12T11:55:01.609738800Z0.9816851591333146,1706694708140,1727428279568,0,1078910,0
req2024-05-12T11:55:01.602228300Z0.41874666426349993,1706692913060,1727433484488,0,284200,50
req2024-05-12T11:55:01.609738800Z0.20627632685953246,1706694708980,1727428280408,0,1055530,0
req2024-05-12T11:55:01.603221200Z0.8995596828669884,1706692915090,1727432486518,0,479710,50
req2024-05-12T11:55:01.602228300Z0.002730302750512892,1706692498520,1727433069948,0,458290,50
req2024-05-12T11:55:01.609738800Z0.6142274369955631,1706693050400,1727426621828,0,599900,50
req2024-05-12T11:55:01.608222Z0.9024258043361977,1706693888860,1727428460288,0,1225350,0
req2024-05-12T11:55:01.607219600Z0.9488235587218702,1706692139560,1727427710988,0,494200,50
req2024-05-12T11:55:01.594682700Z0.38851669492403873,1706694708140,1727443279568,0,1079050,0
req2024-05-12T11:55:01.607219600Z0.9841923980294518,1706692495230,1727428066658,0,411950,50
req2024-05-12T11:55:01.563445300Z0.9208946182267466,1706692497820,1727472069248,0,551250,50
req2024-05-12T11:55:01.607219600Z0.1426294554001878,1706692497820,1727428069248,0,545020,50
req2024-05-12T11:55:01.607219600Z0.352553777265032,1706694708630,1727430280058,0,1069950,0
req2024-05-12T11:55:01.606218800Z0.5762218943808579,1706693262500,1727429833928,0,413560,2
req2024-05-12T11:55:01.607219600Z0.6084462313255571,1706692139770,1727427711198,0,491960,50
req2024-05-12T11:55:01.609738800Z0.6829632870576654,1706692788810,1727426360238,0,308000,50
req2024-05-12T11:55:01.604220600Z0.9204588418457635,1706691889520,1727430460948,0,605500,50
req2024-05-12T11:55:01.609738800Z0.9401552012535282,1706693674870,1727427246298,0,1491560,0
req2024-05-12T11:55:01.598682Z0.3516261561916041,1706694708980,1727439280408,0,1068970,0
req2024-05-12T11:55:01.601207600Z0.9764425294744036,1706694475880,1727436047308,0,1148560,0
req2024-05-12T11:55:01.598682Z0.7679335390234909,1706692840330,1727437411758,0,402640,50
req2024-05-12T11:55:01.575554700Z0.7260406897506636,1706694697710,1727462269138,0,733600,0
req2024-05-12T11:55:01.600192600Z0.42991246966388286,1706693401100,1727435972528,0,678160,39
req2024-05-12T11:55:01.601207600Z0.3616349556042294,1706693050260,1727434621688,0,602280,50
req2024-05-12T11:55:01.606218800Z0.3467491767898342,1706693854910,1727430426338,0,1266160,0
req2024-05-12T11:55:01.603221200Z0.7614905796198702,1706693049980,1727432621408,0,607320,50
req2024-05-12T11:55:01.601207600Z0.6095149486111163,1706692859720,1727434431148,0,375550,50
req2024-05-12T11:55:01.607219600Z0.395836041943739,1706692913340,1727428484768,0,486010,50
req2024-05-12T11:55:01.597680700Z0.03395798275505435,1706693042000,1727438613428,0,509950,50
req2024-05-12T11:55:01.602228300Z0.9714891575852784,1706692785450,1727433356878,0,320810,50
req2024-05-12T11:55:01.608222Z0.45310417304124206,1706693399630,1727427971058,0,712180,5
req2024-05-12T11:55:01.609738800Z0.36159993019110404,1706694708280,1727428279708,0,1071910,0
req2024-05-12T11:55:01.609738800Z0.2941916624620077,1706693548660,1727427120088,0,1312290,0
req2024-05-12T11:55:01.577558300Z0.4565178504672214,1706693548940,1727459120368,0,1311870,0
req2024-05-12T11:55:01.600192600Z0.05786453192333363,1706693553210,1727436124638,0,1199730,0
req2024-05-12T11:55:01.596681500Z0.13645616245720382,1706693553210,1727440124638,0,1462370,0
req2024-05-12T11:55:01.607219600Z0.23730942342889483,1706693249620,1727428821048,0,538160,50
req2024-05-12T11:55:01.607219600Z0.34715913986335123,1706692497820,1727428069248,0,544880,50
req2024-05-12T11:55:01.556900500Z0.5149777018976115,1706694709190,1727481280618,0,1051890,0
req2024-05-12T11:55:01.607219600Z0.4324997013559315,1706692985440,1727428556868,0,393890,50
req2024-05-12T11:55:01.601207600Z0.2441705448992697,1706693726180,1727435297608,0,1463420,0
req2024-05-12T11:55:01.609738800Z0.8551127625789604,1706693821520,1727427392948,0,1309210,0
req2024-05-12T11:55:01.609738800Z0.9486501932007603,1706693049980,1727426621408,0,606340,50
req2024-05-12T11:55:01.600192600Z0.7016648855377342,1706692788880,1727435360308,0,305900,50
req2024-05-12T11:55:01.599681800Z0.5626885115262577,1706693262430,1727436833858,0,429940,3
req2024-05-12T11:55:01.603221200Z0.3590009821419914,1706693548590,1727433120018,0,1316000,0
req2024-05-12T11:55:01.604220600Z0.06274639190166942,1706692449310,1727431020738,0,112630,50
req2024-05-12T11:55:01.607219600Z0.35027215172180903,1706693050120,1727428621548,0,606340,50
req2024-05-12T11:55:01.606218800Z0.21838667303151849,1706693050190,1727429621618,0,605290,50
req2024-05-12T11:55:01.603221200Z0.49379904728318336,1706692788810,1727432360238,0,303520,50
req2024-05-12T11:55:01.604220600Z0.32438158889658586,1706692495090,1727431066518,0,416640,50
req2024-05-12T11:55:01.600192600Z0.620374658871882,1706692786150,1727435357578,0,313880,50
req2024-05-12T11:55:01.601207600Z0.9544034665354498,1706692365590,1727433937018,0,221690,50
req2024-05-12T11:55:01.603221200Z0.6149522110722602,1706693399700,1727432971128,0,704550,38
req2024-05-12T11:55:01.606218800Z0.9592767721745118,1706693208320,1727429779748,0,599200,50
req2024-05-12T11:55:01.606218800Z0.4046176280380648,1706692498240,1727429069668,0,494480,50
req2024-05-12T11:55:01.597680700Z0.8116109411702378,1706694389500,1727439960928,0,1253070,0
req2024-05-12T11:55:01.599681800Z0.5445007821452986,1706693050400,1727436621828,0,601790,50
req2024-05-12T11:55:01.608222Z0.2138254858373979,1706693899010,1727428470438,0,1198050,0
req2024-05-12T11:55:01.608222Z0.24698123408442496,1706694565760,1727429137188,0,1026410,0
req2024-05-12T11:55:01.598682Z0.8871252429027485,1706695031960,1727439603388,0,778050,0
req2024-05-12T11:55:01.603221200Z0.9849248299464517,1706692448540,1727432019968,0,114590,50
req2024-05-12T11:55:01.608222Z0.00750731197607768,1706693806540,1727428377968,0,1376970,0
req2024-05-12T11:55:01.600192600Z0.6781881990304816,1706692986980,1727435558408,0,386960,50
req2024-05-12T11:55:01.595682300Z0.011695712896551469,1706694013180,1727441584608,0,1053290,0
req2024-05-12T11:55:01.608222Z0.2309942833810007,1706694313620,1727428885048,0,1313690,0
req2024-05-12T11:55:01.596681500Z0.5309490265773212,1706694697640,1727441269068,0,734720,0
req2024-05-12T11:55:01.610755Z0.15737911870382426,1706693237230,1727425808658,0,582750,50
req2024-05-12T11:55:01.607219600Z0.7850828538880549,1706692495230,1727428066658,0,416850,50
req2024-05-12T11:55:01.602228300Z0.8391163127121433,1706693347970,1727433919398,0,379750,3
req2024-05-12T11:55:01.608222Z0.4952103843420683,1706692496770,1727427068198,0,362250,50
req2024-05-12T11:55:01.607219600Z0.9817182811440757,1706693158270,1727428729698,0,661710,50
req2024-05-12T11:55:01.601207600Z0.8945626078641594,1706692461770,1727434033198,0,88270,50
req2024-05-12T11:55:01.606218800Z0.7841659777702453,1706693350840,1727429922268,0,378350,4
req2024-05-12T11:55:01.601207600Z0.9185772484182257,1706693049980,1727434621408,0,607460,50
req2024-05-12T11:55:01.609738800Z0.962952631305686,1706694013600,1727427585028,0,1305430,0
req2024-05-12T11:55:01.599681800Z0.08324886361964434,1706693740320,1727437311748,0,1447320,0
req2024-05-12T11:55:01.601207600Z0.0033671239797892216,1706693552370,1727435123798,0,1257690,0
req2024-05-12T11:55:01.599681800Z0.9416109319435406,1706692992090,1727436563518,0,373730,50
req2024-05-12T11:55:01.600192600Z0.7089652730697392,1706693258650,1727435830078,0,440720,29
req2024-05-12T11:55:01.611755300Z0.04201207377799043,1706693049490,1727424620918,0,607530,50
req2024-05-12T11:55:01.610755Z0.520128146689396,1706693553000,1727426124428,0,1212540,0
req2024-05-12T11:55:01.603221200Z0.30566519674603554,1706692498100,1727432069528,0,518210,50
req2024-05-12T11:55:01.606218800Z0.40694461087250433,1706692498520,1727429069948,0,458640,50
req2024-05-12T11:55:01.607219600Z0.3985849024752376,1706693258650,1727428830078,0,441910,36
req2024-05-12T11:55:01.558899300Z0.7977483820664749,1706694707300,1727479278728,0,1080310,0
req2024-05-12T11:55:01.609738800Z0.1526302567378195,1706694697710,1727428269138,0,731710,0
req2024-05-12T11:55:01.597680700Z0.5650356378207415,1706693552370,1727439123798,0,1254680,0
req2024-05-12T11:55:01.608222Z0.6563461385827765,1706694707300,1727429278728,0,1081010,0
req2024-05-12T11:55:01.602228300Z0.9634973787365955,1706692828150,1727433399578,0,423010,50
req2024-05-12T11:55:01.599681800Z0.10096648481538117,1706693049140,1727436620568,0,452480,50
req2024-05-12T11:55:01.603221200Z0.8727915808811103,1706693049560,1727432620988,0,607810,50
req2024-05-12T11:55:01.600192600Z0.8183085744753106,1706692497750,1727435069178,0,293580,50
req2024-05-12T11:55:01.607219600Z0.5874277280773165,1706692498380,1727428069808,0,474600,50
req2024-05-12T11:55:01.600192600Z0.6560598450968851,1706693900480,1727436471908,0,1191750,0
req2024-05-12T11:55:01.600192600Z0.9175373978392547,1706692498380,1727435069808,0,479920,50
req2024-05-12T11:55:01.545343500Z0.8519229018562849,1706693553210,1727491124638,0,1197420,0
req2024-05-12T11:55:01.609738800Z0.8362028604661201,1706694013040,1727427584468,0,1317330,0
req2024-05-12T11:55:01.601207600Z0.3903241865139181,1706693469700,1727435041128,0,634550,4
req2024-05-12T11:55:01.609738800Z0.34552260274378843,1706694504510,1727428075938,0,1103200,0
req2024-05-12T11:55:01.609738800Z0.30710958733502147,1706694709120,1727428280548,0,1053430,0
req2024-05-12T11:55:01.590122400Z0.3874984399464937,1706692495230,1727445066658,0,411950,50
req2024-05-12T11:55:01.607219600Z0.42713457214221584,1706693042000,1727428613428,0,509880,50
req2024-05-12T11:55:01.609738800Z0.8134462199067957,1706694708980,1727428280408,0,1068760,0
req2024-05-12T11:55:01.602228300Z0.2699072469552616,1706693502810,1727434074238,0,1352120,0
req2024-05-12T11:55:01.601207600Z0.36750058237928773,1706692497750,1727434069178,0,301000,50
req2024-05-12T11:55:01.600192600Z0.8591259256357395,1706692428310,1727434999738,0,140700,50
req2024-05-12T11:55:01.607219600Z0.8715581152311153,1706693257810,1727428829238,0,484610,48
req2024-05-12T11:55:01.608222Z0.7262560774133799,1706692365730,1727426937158,0,221480,50
req2024-05-12T11:55:01.600192600Z0.2572360127097083,1706692428310,1727434999738,0,141750,50
req2024-05-12T11:55:01.608222Z0.38639840557599914,1706693257810,1727427829238,0,486360,48
req2024-05-12T11:55:01.571538100Z0.5931102881419382,1706694711780,1727466283208,0,1036770,0
req2024-05-12T11:55:01.606218800Z0.2529515426766271,1706692602330,1727429173758,0,544250,50
req2024-05-12T11:55:01.604220600Z0.2847641534259918,1706692602400,1727431173828,0,542570,50
req2024-05-12T11:55:01.606218800Z0.5268781025088618,1706692494250,1727429065678,0,418390,50
req2024-05-12T11:55:01.588111900Z0.6800882537944385,1706692496350,1727447067778,0,395220,50
req2024-05-12T11:55:01.603221200Z0.6309530008222517,1706692496980,1727432068408,0,344890,50
req2024-05-12T11:55:01.598682Z0.5366914647080665,1706692496630,1727437068058,0,365470,50
req2024-05-12T11:55:01.574557100Z0.3294801920753886,1706693306670,1727461878098,0,927290,50
req2024-05-12T11:55:01.591668200Z0.8096619653935694,1706693126630,1727444698058,0,492870,50
req2024-05-12T11:55:01.593683100Z0.04354136969132927,1706693303870,1727442875298,0,931840,50
req2024-05-12T11:55:01.604220600Z0.6753244682919916,1706692602330,1727431173758,0,543830,50
req2024-05-12T11:55:01.582092500Z0.5743874482692508,1706693558670,1727454130098,0,1473290,0
req2024-05-12T11:55:01.590648400Z0.6492985593272778,1706694363740,1727446935168,0,1280300,0
req2024-05-12T11:55:01.588111900Z0.7323318524623188,1706692635510,1727447206938,0,501480,50
req2024-05-12T11:55:01.597680700Z0.9730562150460971,1706694619100,1727440190528,0,969640,0
req2024-05-12T11:55:01.603221200Z0.7613593113953624,1706692809670,1727432381098,0,440440,50
req2024-05-12T11:55:01.595682300Z0.16112746385087584,1706694330210,1727441901638,0,1312780,0
req2024-05-12T11:55:01.603221200Z0.19222124970349896,1706693422870,1727432994298,0,618660,13
req2024-05-12T11:55:01.596681500Z0.6148273502973413,1706694703310,1727441274738,0,1083880,0
req2024-05-12T11:55:01.597680700Z0.45017237780127994,1706693389410,1727438960838,0,784770,50
req2024-05-12T11:55:01.587111700Z0.05455158739877741,1706693153020,1727448724448,0,666330,50
req2024-05-12T11:55:01.593683100Z0.08757537886546074,1706693130480,1727442701908,0,482930,50
req2024-05-12T11:55:01.596681500Z0.38703801213251354,1706694455580,1727441027008,0,1169490,0
req2024-05-12T11:55:01.591668200Z0.5263626991053286,1706692923980,1727444495408,0,471520,50
req2024-05-12T11:55:01.593683100Z0.5839325657145356,1706693549850,1727443121278,0,802410,3
req2024-05-12T11:55:01.606218800Z0.9738707816590244,1706692602330,1727429173758,0,543900,50
req2024-05-12T11:55:01.596681500Z0.8006707497406189,1706692978230,1727439549658,0,411390,50
req2024-05-12T11:55:01.598682Z0.71745930192729,1706693257950,1727437829378,0,1017590,50
req2024-05-12T11:55:01.605218900Z0.14559695351996182,1706692496980,1727430068408,0,343280,50
req2024-05-12T11:55:01.596681500Z0.694510728542745,1706692801270,1727439372698,0,455840,50
req2024-05-12T11:55:01.592693800Z0.060983826022021015,1706694700790,1727445272218,0,1086400,0
req2024-05-12T11:55:01.606218800Z0.1808953944848043,1706692428940,1727429000368,0,140210,50
req2024-05-12T11:55:01.576555Z0.5479544519191181,1706693417130,1727459988558,0,627410,19
req2024-05-12T11:55:01.594682700Z0.3552907580906377,1706693656180,1727442227608,0,1511090,0
req2024-05-12T11:55:01.605218900Z0.664152633848883,1706692607720,1727430179148,0,537110,50
req2024-05-12T11:55:01.605218900Z0.16286496562017228,1706692936090,1727430507518,0,459270,50
req2024-05-12T11:55:01.597680700Z0.630649270775706,1706692475280,1727438046708,0,307370,50
req2024-05-12T11:55:01.604220600Z0.893068934392733,1706693043680,1727431615108,0,495600,50
req2024-05-12T11:55:01.604220600Z0.4923864629298106,1706691877270,1727430448698,0,622090,50
req2024-05-12T11:55:01.606218800Z0.7845572150138378,1706692497120,1727429068548,0,339850,50
req2024-05-12T11:55:01.591668200Z0.6205787145453147,1706693559860,1727445131288,0,1464330,0
req2024-05-12T11:55:01.606218800Z0.23885000384989363,1706693379960,1727429951388,0,800310,50
req2024-05-12T11:55:01.593683100Z0.3690569753359825,1706693274400,1727442845828,0,999460,50
req2024-05-12T11:55:01.603221200Z0.2726846666577205,1706693053970,1727432625398,0,587440,50
req2024-05-12T11:55:01.595682300Z0.9396969603319402,1706693785400,1727441356828,0,1404690,0
req2024-05-12T11:55:01.603221200Z0.5467225353744581,1706692449240,1727432020668,0,112770,50
req2024-05-12T11:55:01.604220600Z0.08740628427775055,1706692631730,1727431203158,0,505330,50
req2024-05-12T11:55:01.595682300Z0.6388583233571136,1706693054250,1727440625678,0,579390,50
req2024-05-12T11:55:01.563445300Z0.2897019966270292,1706693417550,1727472988978,0,690060,18
req2024-05-12T11:55:01.605218900Z0.7526302793181584,1706692497260,1727430068688,0,323680,50
req2024-05-12T11:55:01.584110200Z0.9741822397885418,1706693787990,1727452359418,0,1401680,0
req2024-05-12T11:55:01.606218800Z0.5637620812211086,1706693054250,1727429625678,0,580930,50
req2024-05-12T11:55:01.594682700Z0.9053299351159809,1706694834490,1727443405918,0,974820,0
req2024-05-12T11:55:01.595682300Z0.9743749965476398,1706694695890,1727442267318,0,738640,0
req2024-05-12T11:55:01.591668200Z0.060212274331662985,1706694329300,1727445900728,0,1314460,0
req2024-05-12T11:55:01.583108800Z0.09334438237407783,1706692496980,1727452068408,0,357070,50
req2024-05-12T11:55:01.593683100Z0.8109300081305504,1706693640990,1727443212418,0,1341620,0
req2024-05-12T11:55:01.597680700Z0.455216105363377,1706693153020,1727438724448,0,666890,50
req2024-05-12T11:55:01.598682Z0.6173211147742278,1706693126700,1727437698128,0,487830,50
req2024-05-12T11:55:01.603221200Z0.6072915369610653,1706692139210,1727431710638,0,495600,50
req2024-05-12T11:55:01.593683100Z0.4181011687714423,1706694833370,1727444404798,0,974750,0
req2024-05-12T11:55:01.595682300Z0.5550777765491144,1706693558810,1727441130238,0,1472590,0
req2024-05-12T11:55:01.595682300Z0.347443256486653,1706693641130,1727441212558,0,1339240,0
req2024-05-12T11:55:01.590648400Z0.5507235376414361,1706692923770,1727445495198,0,471520,50
req2024-05-12T11:55:01.598682Z0.33987040538709756,1706693640850,1727438212278,0,1350580,0
req2024-05-12T11:55:01.597680700Z0.5068341610108454,1706693053900,1727438625328,0,591080,50
req2024-05-12T11:55:01.591668200Z0.0954744579114134,1706693261100,1727444832528,0,1051540,50
req2024-05-12T11:55:01.592693800Z0.5695040930255985,1706693670670,1727444242098,0,1495970,0
req2024-05-12T11:55:01.597680700Z0.49756345614331743,1706694834350,1727440405778,0,973630,0
req2024-05-12T11:55:01.603221200Z0.9640623500101537,1706693055510,1727432626938,0,576590,50
req2024-05-12T11:55:01.606218800Z0.5489610261867814,1706692602330,1727429173758,0,544110,50
req2024-05-12T11:55:01.593683100Z0.9685215504625018,1706692494180,1727442065608,0,418600,50
req2024-05-12T11:55:01.592693800Z0.6750133993940732,1706693558880,1727444130308,0,1464680,0
req2024-05-12T11:55:01.561427700Z0.7038363606922667,1706693640430,1727475211858,0,1354080,0
req2024-05-12T11:55:01.594682700Z0.13820144551000701,1706694712760,1727443284188,0,1095430,0
req2024-05-12T11:55:01.606218800Z0.12732488476897275,1706692763330,1727429334758,0,362530,50
req2024-05-12T11:55:01.564447700Z0.586907431275337,1706692798680,1727471370108,0,457870,50
req2024-05-12T11:55:01.597680700Z0.7511829404507684,1706694092140,1727439663568,0,1249150,0
req2024-05-12T11:55:01.596681500Z0.0037016117565008555,1706693640920,1727440212348,0,1343510,0
req2024-05-12T11:55:01.604220600Z0.5974414601053036,1706692496980,1727431068408,0,343000,50
req2024-05-12T11:55:01.603221200Z0.6931764041406985,1706692496980,1727432068408,0,341600,50
req2024-05-12T11:55:01.605218900Z0.21538547910885342,1706691891690,1727429463118,0,602560,50
req2024-05-12T11:55:01.596681500Z0.5117070693722704,1706693670110,1727440241538,0,1498280,0
req2024-05-12T11:55:01.590648400Z0.8448563865604968,1706694712900,1727447284328,0,1032990,0
req2024-05-12T11:55:01.598682Z0.9668929787609707,1706693053900,1727437625328,0,591010,50
req2024-05-12T11:55:01.568452Z0.9681734295453139,1706694173200,1727468744628,0,1143870,0
req2024-05-12T11:55:01.593683100Z0.2179389622151573,1706694702680,1727444274108,0,1085630,0
req2024-05-12T11:55:01.604220600Z0.2961369359941781,1706693054040,1727431625468,0,582400,50
req2024-05-12T11:55:01.557898300Z0.07017923782467606,1706693084910,1727478656338,0,540400,50
req2024-05-12T11:55:01.596681500Z0.22552827044647938,1706694176770,1727440748198,0,1127560,0
req2024-05-12T11:55:01.606218800Z0.43514228770264185,1706693016100,1727429587528,0,336350,50
req2024-05-12T11:55:01.606218800Z0.5858493975879532,1706692873160,1727429444588,0,361550,50
req2024-05-12T11:55:01.592693800Z0.07211244621477142,1706693239750,1727443811178,0,573230,50
req2024-05-12T11:55:01.603221200Z0.2954253585137623,1706693263340,1727432834768,0,1038730,50
req2024-05-12T11:55:01.588111900Z0.5958541222221094,1706694836380,1727449407808,0,973700,0
req2024-05-12T11:55:01.596681500Z0.5419917841973874,1706693126280,1727439697708,0,496370,50
req2024-05-12T11:55:01.591668200Z0.18405444788330338,1706694361780,1727445933208,0,1282540,0
req2024-05-12T11:55:01.605218900Z0.8579458842965979,1706692497260,1727430068688,0,324310,50
req2024-05-12T11:55:01.559899400Z0.6930612935939461,1706693042840,1727476614268,0,500010,50
req2024-05-12T11:55:01.587111700Z0.04486199337061536,1706692608280,1727448179708,0,536480,50
req2024-05-12T11:55:01.596681500Z0.6900287642257488,1706693483630,1727440055058,0,836500,8
req2024-05-12T11:55:01.567447600Z0.0555829761880019,1706694711430,1727470282858,0,1045520,0
req2024-05-12T11:55:01.606218800Z0.3598077944373186,1706692119330,1727428690758,0,515970,50
req2024-05-12T11:55:01.562454Z5.651834643407572E-4,1706693535990,1727474107418,0,816620,12
req2024-05-12T11:55:01.598682Z0.43648135746665895,1706692923770,1727437495198,0,471800,50
req2024-05-12T11:55:01.603221200Z0.38244204062040665,1706692497260,1727432068688,0,323260,50
req2024-05-12T11:55:01.578557600Z0.8404996776959565,1706692985370,1727457556798,0,394030,50
req2024-05-12T11:55:01.583108800Z0.377372813915678,1706693126700,1727452698128,0,492030,50
req2024-05-12T11:55:01.486057200Z0.2840280620385902,1706694861440,1727551432868,0,948570,0
req2024-05-12T11:55:01.592693800Z0.41797453027351916,1706694834210,1727445405638,0,975240,0
req2024-05-12T11:55:01.595682300Z0.9935992253843104,1706692139280,1727439710708,0,494620,50
req2024-05-12T11:55:01.603221200Z0.31561600270537815,1706692602400,1727432173828,0,542990,50
req2024-05-12T11:55:01.594682700Z0.9721816204191992,1706692790000,1727441361428,0,302680,50
req2024-05-12T11:55:01.604220600Z0.5899071432512295,1706692836550,1727431407978,0,413280,50
req2024-05-12T11:55:01.591668200Z0.1680473755232217,1706692488300,1727444059728,0,248710,50
req2024-05-12T11:55:01.594682700Z0.4931486522232106,1706694708770,1727443280198,0,1069180,0
req2024-05-12T11:55:01.597680700Z0.3644084939501546,1706693646730,1727439218158,0,1521100,0
req2024-05-12T11:55:01.592693800Z0.07574321190206934,1706693056770,1727443628198,0,574140,50
req2024-05-12T11:55:01.594682700Z0.14999269934111004,1706693347060,1727441918488,0,879760,50
req2024-05-12T11:55:01.597680700Z0.6538719940952769,1706693768670,1727439340098,0,1421000,0
req2024-05-12T11:55:01.603221200Z0.8567834197313932,1706693558880,1727433130308,0,1472380,0
req2024-05-12T11:55:01.591668200Z0.9834315629124025,1706694720600,1727446292028,0,1088640,0
req2024-05-12T11:55:01.604220600Z0.44533270709017647,1706692497190,1727431068618,0,330190,50
req2024-05-12T11:55:01.593683100Z0.5204475433607539,1706693678930,1727443250358,0,1487570,0
req2024-05-12T11:55:01.594682700Z0.6496974493965207,1706694476160,1727443047588,0,1148070,0
req2024-05-12T11:55:01.606218800Z0.7908219702190215,1706693126840,1727429698268,0,486710,50
req2024-05-12T11:55:01.605218900Z0.13329740778950971,1706693581700,1727431153128,0,1423450,0
req2024-05-12T11:55:01.597680700Z0.15476749915245613,1706694711570,1727440282998,0,1036140,0
req2024-05-12T11:55:01.604220600Z0.250455396145813,1706693567700,1727432139128,0,1453060,0
req2024-05-12T11:55:01.591668200Z0.07531961591766079,1706693300230,1727444871658,0,973140,50
req2024-05-12T11:55:01.598682Z0.2943947061161195,1706693549640,1727438121068,0,803040,3
req2024-05-12T11:55:01.597680700Z0.7517910308828096,1706692972980,1727438544408,0,416990,50
req2024-05-12T11:55:01.591668200Z0.40242658635486206,1706692630820,1727444202248,0,506520,50
req2024-05-12T11:55:01.595682300Z0.04948352754001151,1706692496980,1727440068408,0,357210,50
req2024-05-12T11:55:01.604220600Z0.550932411825832,1706693238700,1727431810128,0,574280,50
req2024-05-12T11:55:01.594682700Z0.7831190075770865,1706694264900,1727442836328,0,1359750,0
req2024-05-12T11:55:01.598682Z0.14323868683512297,1706693559090,1727438130518,0,1463840,0
req2024-05-12T11:55:01.603221200Z0.5977953953553522,1706693145040,1727432716468,0,466690,50
req2024-05-12T11:55:01.592693800Z0.7469471608821091,1706694702750,1727445274178,0,1085140,0
req2024-05-12T11:55:01.597680700Z0.4992102162218004,1706694711150,1727440282578,0,1046990,0
req2024-05-12T11:55:01.596681500Z0.5813323033817297,1706693042840,1727439614268,0,499380,50
req2024-05-12T11:55:01.596681500Z0.44568866713806454,1706693991830,1727440563258,0,1343720,0
req2024-05-12T11:55:01.591668200Z0.43115867310445055,1706693041090,1727444612518,0,510790,50
req2024-05-12T11:55:01.595682300Z0.6377638997782105,1706693071470,1727440642898,0,556850,50
req2024-05-12T11:55:01.592693800Z0.5783883851122577,1706693471660,1727444043088,0,669760,4
req2024-05-12T11:55:01.592693800Z0.19348610127941301,1706692890870,1727443462298,0,325500,50
req2024-05-12T11:55:01.571538100Z0.852302450739298,1706692785590,1727464357018,0,319690,50
req2024-05-12T11:55:01.605218900Z0.4458184798270446,1706692497260,1727430068688,0,323680,50
req2024-05-12T11:55:01.604220600Z0.7088433219395992,1706693350840,1727431922268,0,865270,50
req2024-05-12T11:55:01.597680700Z0.5960640605148146,1706692776350,1727438347778,0,343280,50
req2024-05-12T11:55:01.594682700Z0.7450490841054133,1706692139560,1727440710988,0,491540,50
req2024-05-12T11:55:01.573558700Z0.5924693121010073,1706692475280,1727462046708,0,308560,50
req2024-05-12T11:55:01.604220600Z0.6365966612250488,1706693558810,1727432130238,0,1472030,0
req2024-05-12T11:55:01.595682300Z0.608117397856487,1706694724730,1727442296158,0,1008420,0
req2024-05-12T11:55:01.592693800Z0.6444563919569446,1706693028070,1727443599498,0,304570,50
req2024-05-12T11:55:01.592693800Z0.5385314916198527,1706694124760,1727444696188,0,1207850,0
req2024-05-12T11:55:01.603221200Z0.6226320693149444,1706692497820,1727432069248,0,545510,50
req2024-05-12T11:55:01.598682Z0.24879949315256278,1706692428940,1727437000368,0,141120,50
req2024-05-12T11:55:01.605218900Z0.8728673367611066,1706692139210,1727429710638,0,495670,50
req2024-05-12T11:55:01.590648400Z0.3525903038732273,1706694703170,1727447274598,0,1084510,0
req2024-05-12T11:55:01.595682300Z0.4105587618472588,1706693428820,1727441000248,0,613690,12
req2024-05-12T11:55:01.595682300Z0.4249873025665283,1706692940010,1727440511438,0,455280,50
req2024-05-12T11:55:01.595682300Z0.6577934287900221,1706694711570,1727442282998,0,1036840,0
req2024-05-12T11:55:01.593683100Z0.14988943917412745,1706693053900,1727442625328,0,598080,50
req2024-05-12T11:55:01.596681500Z0.582118894204211,1706692173370,1727438744798,0,451570,50
req2024-05-12T11:55:01.603221200Z0.8805327080597132,1706692812470,1727432383898,0,444710,50
req2024-05-12T11:55:01.594682700Z0.774620996726411,1706694711360,1727443282788,0,1098160,0
req2024-05-12T11:55:01.604220600Z0.07185916433048278,1706692063260,1727430634688,0,572250,50
req2024-05-12T11:55:01.604220600Z0.6833014924829419,1706693145390,1727431716818,0,674310,50
req2024-05-12T11:55:01.605218900Z0.6806811220465672,1706693053830,1727430625258,0,598290,50
req2024-05-12T11:55:01.604220600Z0.5029248670293289,1706692602330,1727431173758,0,543270,50
req2024-05-12T11:55:01.569974Z0.12243700585784811,1706694734180,1727468305608,0,997710,0
req2024-05-12T11:55:01.594682700Z0.4471863875891383,1706693560070,1727442131498,0,1464050,0
req2024-05-12T11:55:01.592693800Z0.2772575136930808,1706692491100,1727443062528,0,227850,50
req2024-05-12T11:55:01.596681500Z0.38320982261792524,1706693233100,1727439804528,0,576450,50
req2024-05-12T11:55:01.593683100Z0.18400078580468138,1706692924540,1727442495968,0,470820,50
req2024-05-12T11:55:01.603221200Z0.21971727337431113,1706692602330,1727432173758,0,543830,50
req2024-05-12T11:55:01.604220600Z0.5554158457106239,1706692805960,1727431377388,0,444780,50
req2024-05-12T11:55:01.591668200Z0.3840839969936424,1706694702610,1727446274038,0,1084720,0
req2024-05-12T11:55:01.605218900Z0.33077876603439493,1706693657370,1727431228798,0,1509900,0
req2024-05-12T11:55:01.594682700Z0.124911709420918,1706693126630,1727441698058,0,495880,50
req2024-05-12T11:55:01.593683100Z0.01903197628372455,1706694069390,1727443640818,0,1272110,0
req2024-05-12T11:55:01.592693800Z0.930515955031696,1706694360310,1727444931738,0,1282750,0
req2024-05-12T11:55:01.598682Z0.6335845129435714,1706693014490,1727437585918,0,341530,50
req2024-05-12T11:55:01.596681500Z0.1288321938462339,1706693558810,1727440130238,0,1472660,0
req2024-05-12T11:55:01.597680700Z0.13507383586551536,1706693550130,1727439121558,0,1304170,0
req2024-05-12T11:55:01.606218800Z0.5220525662997549,1706692131370,1727428702798,0,504140,50
req2024-05-12T11:55:01.595682300Z0.7356730195056267,1706694113140,1727441684568,0,1219610,0
req2024-05-12T11:55:01.606218800Z0.14254146994228434,1706693547680,1727430119108,0,786730,9
req2024-05-12T11:55:01.568452Z0.7070136178563428,1706694834840,1727469406268,0,975100,0
req2024-05-12T11:55:01.606218800Z0.01406109314148063,1706692429080,1727429000508,0,140910,50
req2024-05-12T11:55:01.595682300Z0.7482608614361579,1706693031780,1727440603208,0,299180,50
req2024-05-12T11:55:01.597680700Z0.5635569129187883,1706693558810,1727439130238,0,1472800,0
req2024-05-12T11:55:01.597680700Z0.6776907331336156,1706693056770,1727438628198,0,574000,50
req2024-05-12T11:55:01.558899300Z0.6492445958789602,1706693054250,1727477625678,0,582120,50
req2024-05-12T11:55:01.591668200Z0.8755291991007679,1706693655970,1727445227398,0,1511720,0
req2024-05-12T11:55:01.603221200Z0.9016433860148706,1706693558810,1727433130238,0,1472310,0
req2024-05-12T11:55:01.596681500Z0.4804786603404083,1706692477310,1727439048738,0,305900,50
req2024-05-12T11:55:01.592693800Z0.5020303246533191,1706693640850,1727444212278,0,1353030,0
req2024-05-12T11:55:01.591668200Z0.25844899423474266,1706693805280,1727445376708,0,1378650,0
req2024-05-12T11:55:01.608222Z0.6560419224090462,1706693553280,1727428124708,0,1468320,0
req2024-05-12T11:55:01.612769300Z0.805265101422365,1706693552440,1727424123868,0,1232770,0
req2024-05-12T11:55:01.609738800Z0.5177754897340414,1706693900620,1727427472048,0,1180270,0
req2024-05-12T11:55:01.609738800Z0.7037527748824858,1706693546000,1727427117428,0,1314880,0
req2024-05-12T11:55:01.594682700Z0.11323261607868507,1706692784960,1727441356388,0,328300,50
req2024-05-12T11:55:01.609738800Z0.8357344488786562,1706692497890,1727426069318,0,542080,50
req2024-05-12T11:55:01.614772200Z0.5982347026841875,1706692394080,1727420965508,0,189420,50
req2024-05-12T11:55:01.612769300Z0.2105989837871014,1706693501760,1727424073188,0,1353940,0
req2024-05-12T11:55:01.611755300Z0.03693734679973082,1706694697920,1727426269348,0,1090110,0
req2024-05-12T11:55:01.616771500Z0.4074909419768765,1706692395550,1727418966978,0,187390,50
req2024-05-12T11:55:01.559899400Z0.9080124799069671,1706693050610,1727476622038,0,601580,50
req2024-05-12T11:55:01.613769Z0.22883123727699894,1706692992650,1727422564078,0,370090,50
req2024-05-12T11:55:01.608222Z0.7766634112472628,1706693049490,1727427620918,0,414680,50
req2024-05-12T11:55:01.609738800Z0.1982676617264587,1706692419560,1727425990988,0,155610,50
req2024-05-12T11:55:01.612769300Z0.9704756973497947,1706693711970,1727424283398,0,1477840,0
req2024-05-12T11:55:01.610755Z0.6196653647750108,1706693552090,1727426123518,0,1282960,0
req2024-05-12T11:55:01.610755Z0.5420652175108418,1706692913200,1727425484628,0,283640,50
req2024-05-12T11:55:01.615766800Z0.3466645933016351,1706694440320,1727422011748,0,1200220,0
req2024-05-12T11:55:01.614772200Z0.8174299246656174,1706692973330,1727421544758,0,416570,50
req2024-05-12T11:55:01.613769Z0.716774616999592,1706692140050,1727421711478,0,484400,50
req2024-05-12T11:55:01.610755Z0.25037382645150474,1706692394080,1727424965508,0,189840,50
req2024-05-12T11:55:01.611755300Z0.7017515108567065,1706692394080,1727423965508,0,189980,50
req2024-05-12T11:55:01.612769300Z0.0037186378415228205,1706693049490,1727423620918,0,607950,50
req2024-05-12T11:55:01.611755300Z0.15555237542566847,1706692492150,1727424063578,0,420560,50
req2024-05-12T11:55:01.612769300Z0.8209308102858132,1706693553210,1727424124638,0,1200360,0
req2024-05-12T11:55:01.612769300Z0.10991937875281799,1706692497610,1727423069038,0,320880,50
req2024-05-12T11:55:01.615766800Z0.2864780378346884,1706694012900,1727421584328,0,1315930,0
req2024-05-12T11:55:01.616771500Z0.33137394501119455,1706692139140,1727418710568,0,495320,50
req2024-05-12T11:55:01.591668200Z0.18116263366667862,1706692139770,1727443711198,0,488950,50
req2024-05-12T11:55:01.608222Z0.8686562222018662,1706692788740,1727427360168,0,308140,50
req2024-05-12T11:55:01.615766800Z0.24744051863386407,1706693042350,1727420613778,0,507640,50
req2024-05-12T11:55:01.611755300Z0.7361501646934155,1706693656460,1727425227888,0,1510810,0
req2024-05-12T11:55:01.612769300Z0.10158985299966483,1706693158410,1727423729838,0,654570,50
req2024-05-12T11:55:01.615766800Z0.4082219171801502,1706693552230,1727421123658,0,1280370,0
req2024-05-12T11:55:01.610755Z0.5265832774519373,1706692139840,1727424711268,0,490770,50
req2024-05-12T11:55:01.613769Z0.6282527715178722,1706692497890,1727422069318,0,538860,50
req2024-05-12T11:55:01.612769300Z0.9959064915953739,1706692498310,1727423069738,0,488250,50
req2024-05-12T11:55:01.609738800Z0.5309461852163805,1706692785030,1727426356458,0,324310,50
req2024-05-12T11:55:01.614772200Z0.13015544401151213,1706694697780,1727423269208,0,731220,0
req2024-05-12T11:55:01.612769300Z0.9354313722153504,1706693820960,1727424392388,0,1311590,0
req2024-05-12T11:55:01.615766800Z0.9760316845820071,1706693049910,1727420621338,0,606830,50
req2024-05-12T11:55:01.611755300Z0.02380071852552601,1706692963040,1727424534468,0,430710,50
req2024-05-12T11:55:01.611755300Z0.5338283262582036,1706693026040,1727424597468,0,307720,50
req2024-05-12T11:55:01.610755Z0.711766896393427,1706693039480,1727425610908,0,512260,50
req2024-05-12T11:55:01.608222Z0.5585660295189762,1706692991880,1727427563308,0,374010,50
req2024-05-12T11:55:01.612769300Z0.12594638922210188,1706692984320,1727423555748,0,399350,50
req2024-05-12T11:55:01.613769Z0.02097495317721787,1706693050260,1727422621688,0,602070,50
req2024-05-12T11:55:01.612769300Z0.6767144834615447,1706693050120,1727423621548,0,606550,50
req2024-05-12T11:55:01.608222Z0.7106047656114873,1706693147350,1727427718778,0,671720,50
req2024-05-12T11:55:01.614772200Z0.9771516708874833,1706693491820,1727422063248,0,1364440,0
req2024-05-12T11:55:01.609738800Z0.9499867303431683,1706693552230,1727427123658,0,1280160,0
req2024-05-12T11:55:01.609738800Z0.6512258417627552,1706693016380,1727426587808,0,334320,50
req2024-05-12T11:55:01.610755Z0.5508171696693859,1706693306180,1727425877608,0,412300,3
req2024-05-12T11:55:01.609738800Z0.6186179697388446,1706694208550,1727427779978,0,1416310,0
req2024-05-12T11:55:01.613769Z0.9857884762810074,1706693054040,1727422625468,0,582470,50
req2024-05-12T11:55:01.608222Z0.549516860731208,1706694402450,1727428973878,0,1239490,0
req2024-05-12T11:55:01.615766800Z0.3751791765667748,1706694313690,1727421885118,0,1329510,0
req2024-05-12T11:55:01.610755Z0.17156022583518538,1706692842290,1727425413718,0,399420,50
req2024-05-12T11:55:01.611755300Z0.9316431921664158,1706692498030,1727424069458,0,520380,50
req2024-05-12T11:55:01.612769300Z0.5225489323972018,1706694289540,1727424860968,0,992180,0
req2024-05-12T11:55:01.612769300Z0.5222880995732561,1706693039480,1727423610908,0,512050,50
req2024-05-12T11:55:01.610755Z0.3888735289667593,1706692458760,1727425030188,0,101220,50
req2024-05-12T11:55:01.609738800Z0.6203070617183754,1706692428240,1727425999668,0,142520,50
req2024-05-12T11:55:01.608222Z0.8074637275423975,1706693821030,1727428392458,0,1313550,0
req2024-05-12T11:55:01.580070600Z0.08821564182176633,1706692497190,1727455068618,0,331940,50
req2024-05-12T11:55:01.611755300Z0.6145366629922089,1706692457780,1727424029208,0,94080,50
req2024-05-12T11:55:01.615766800Z0.8372059096826301,1706693401310,1727420972738,0,478660,3
req2024-05-12T11:55:01.595682300Z0.07367558893201853,1706692492150,1727440063578,0,419370,50
req2024-05-12T11:55:01.548352700Z0.5139724220384888,1706694707300,1727492278728,0,1080730,0
req2024-05-12T11:55:01.614772200Z0.5602854315502035,1706692467370,1727421038798,0,39200,50
req2024-05-12T11:55:01.615766800Z0.5994789881116143,1706692636000,1727420207428,0,498330,50
req2024-05-12T11:55:01.611755300Z0.5545235218183262,1706693552650,1727425124078,0,1227870,0
req2024-05-12T11:55:01.610755Z0.778675062788864,1706693257530,1727425828958,0,491820,49
req2024-05-12T11:55:01.582092500Z0.4712956115127832,1706692496770,1727453068198,0,362040,50
req2024-05-12T11:55:01.615766800Z0.8270724557688841,1706693258510,1727420829938,0,448770,42
req2024-05-12T11:55:01.613769Z0.08821972032891512,1706692785170,1727422356598,0,319900,50
req2024-05-12T11:55:01.611755300Z0.544958627134654,1706693399770,1727424971198,0,391580,3
req2024-05-12T11:55:01.613769Z0.08133970439892146,1706692855940,1727422427368,0,383810,50
req2024-05-12T11:55:01.608222Z0.34498983299409813,1706693490700,1727428062128,0,1366610,0
req2024-05-12T11:55:01.613769Z0.0487317561526005,1706694030610,1727423602038,0,1310330,0
req2024-05-12T11:55:01.615766800Z0.7889623490011828,1706692673940,1727420245368,0,451920,50
req2024-05-12T11:55:01.609738800Z0.14474075826406185,1706693645540,1727427216968,0,1523620,0
req2024-05-12T11:55:01.611755300Z0.5749535068147715,1706694179500,1727425750928,0,1124130,0
req2024-05-12T11:55:01.612769300Z0.19482567312809462,1706692856220,1727423427648,0,382760,50
req2024-05-12T11:55:01.611755300Z0.7478711894107116,1706693049070,1727424620498,0,486500,50
req2024-05-12T11:55:01.614772200Z0.25268118452497546,1706693357840,1727421929268,0,844620,0
req2024-05-12T11:55:01.613769Z0.12758734783994408,1706692636840,1727422208268,0,499940,50
req2024-05-12T11:55:01.615766800Z0.759806435200949,1706694693300,1727422264728,0,766080,0
req2024-05-12T11:55:01.612769300Z0.4390170907840508,1706692915090,1727423486518,0,480550,50
req2024-05-12T11:55:01.609738800Z0.23668789646183164,1706692962830,1727426534258,0,431830,50
req2024-05-12T11:55:01.610755Z0.41225398766634747,1706694693230,1727427264658,0,765800,0
req2024-05-12T11:55:01.616771500Z0.37184568470980006,1706692497260,1727419068688,0,330190,50
req2024-05-12T11:55:01.611755300Z0.8305647828876678,1706694314670,1727425886098,0,1329300,0
req2024-05-12T11:55:01.611755300Z0.2694949810575613,1706692495650,1727424067078,0,396340,50
req2024-05-12T11:55:01.610755Z0.4398700649118602,1706693807520,1727426378948,0,1359960,0
req2024-05-12T11:55:01.616771500Z0.05629879484847089,1706692497190,1727419068618,0,325360,50
req2024-05-12T11:55:01.609738800Z0.004058675202055939,1706692477380,1727426048808,0,301770,50
req2024-05-12T11:55:01.611755300Z0.5282768196881265,1706692913900,1727424485328,0,480270,50
req2024-05-12T11:55:01.613769Z0.28015709070171446,1706692497890,1727422069318,0,535780,50
req2024-05-12T11:55:01.615766800Z0.5548242338478365,1706693541030,1727421112458,0,1314460,0
req2024-05-12T11:55:01.614772200Z0.43288943046229666,1706693548940,1727422120368,0,1311520,0
req2024-05-12T11:55:01.611755300Z0.9706946000371767,1706693552440,1727425123868,0,1233400,0
req2024-05-12T11:55:01.615766800Z0.7879498899098499,1706692461140,1727420032568,0,88900,50
req2024-05-12T11:55:01.610755Z0.1410965268932205,1706694314670,1727426886098,0,1329440,0
req2024-05-12T11:55:01.607219600Z0.3648671272875683,1706693005110,1727428576538,0,350630,50
req2024-05-12T11:55:01.610755Z0.6099247080359226,1706693552510,1727426123938,0,1230880,0
req2024-05-12T11:55:01.613769Z0.8022052746756133,1706692139840,1727421711268,0,492240,50
req2024-05-12T11:55:01.611755300Z0.6460684514259163,1706693257530,1727424828958,0,492800,48
req2024-05-12T11:55:01.581087200Z0.43296022416612645,1706692497120,1727454068548,0,335580,50
req2024-05-12T11:55:01.580070600Z0.5084189514886408,1706692142780,1727454714208,0,492240,50
req2024-05-12T11:55:01.616771500Z0.5318358964942894,1706692492430,1727419063858,0,420350,50
req2024-05-12T11:55:01.613769Z0.4936312981568053,1706693039060,1727422610488,0,512610,50
req2024-05-12T11:55:01.611755300Z0.5334827544444838,1706693546000,1727425117428,0,1319080,0
req2024-05-12T11:55:01.610755Z0.4634346077814411,1706693049140,1727425620568,0,438270,50
req2024-05-12T11:55:01.612769300Z0.17424170550910734,1706693049140,1727423620568,0,441350,50
req2024-05-12T11:55:01.614772200Z0.6926112231970476,1706693186340,1727421757768,0,625940,50
req2024-05-12T11:55:01.592693800Z0.001596256661723916,1706693482790,1727444054218,0,1203930,0
req2024-05-12T11:55:01.613769Z0.046955733092449825,1706692496980,1727422068408,0,341110,50
req2024-05-12T11:55:01.614772200Z0.3627911936891923,1706693042210,1727421613638,0,509810,50
req2024-05-12T11:55:01.609738800Z0.6108414084104618,1706692139630,1727425711058,0,481950,50
req2024-05-12T11:55:01.612769300Z0.9409199855872908,1706692448610,1727423020038,0,114170,50
req2024-05-12T11:55:01.613769Z0.2677509558302815,1706693549290,1727423120718,0,1310750,0
req2024-05-12T11:55:01.612769300Z0.6719829165417353,1706692498100,1727423069528,0,515760,50
req2024-05-12T11:55:01.614772200Z0.2657603267512012,1706693407890,1727421979318,0,1298570,0
req2024-05-12T11:55:01.578557600Z0.6050502451855118,1706693552930,1727458124358,0,1224020,0
req2024-05-12T11:55:01.611755300Z0.9096978678051718,1706694517880,1727426089308,0,1080800,0
req2024-05-12T11:55:01.611755300Z0.026279294086420824,1706693469980,1727425041408,0,1221920,0
req2024-05-12T11:55:01.608222Z0.35485741685082617,1706693042210,1727427613638,0,509740,50
req2024-05-12T11:55:01.609738800Z0.5559779427710888,1706693262430,1727426833858,0,444290,6
req2024-05-12T11:55:01.613769Z0.01435054813641623,1706693356650,1727422928078,0,851830,0
req2024-05-12T11:55:01.613769Z0.19229040084683713,1706693251300,1727422822728,0,528150,48
req2024-05-12T11:55:01.615766800Z0.859555349333086,1706692997060,1727420568488,0,364700,50
req2024-05-12T11:55:01.613769Z0.8981843428428317,1706694438080,1727424009508,0,1202600,0
req2024-05-12T11:55:01.616771500Z0.6219994557937413,1706692498030,1727419069458,0,530670,50
req2024-05-12T11:55:01.609738800Z0.34230757601271433,1706693552930,1727427124358,0,1223880,0
req2024-05-12T11:55:01.614772200Z0.9730480175454611,1706694504580,1727423076008,0,1096200,0
req2024-05-12T11:55:01.610755Z0.5445532551783765,1706692488020,1727425059448,0,274960,50
req2024-05-12T11:55:01.614772200Z0.300726507722734,1706692637400,1727421208828,0,499310,50
req2024-05-12T11:55:01.609738800Z0.1256814628030275,1706692496910,1727426068338,0,357910,50
req2024-05-12T11:55:01.609738800Z0.021509277307121044,1706693467740,1727427039168,0,1235010,0
req2024-05-12T11:55:01.608222Z0.5729523477303519,1706694313620,1727428885048,0,1310890,0
req2024-05-12T11:55:01.610755Z0.8987250354438079,1706694092210,1727426663638,0,1249360,0
req2024-05-12T11:55:01.615766800Z0.7626305093221405,1706692498380,1727420069808,0,486990,50
req2024-05-12T11:55:01.612769300Z0.30716500747204845,1706694685110,1727425256538,0,817740,0
req2024-05-12T11:55:01.609738800Z0.10783968664346755,1706694360380,1727427931808,0,1285060,0
req2024-05-12T11:55:01.590648400Z0.6632076870442088,1706693552230,1727446123658,0,1280160,0
req2024-05-12T11:55:01.609738800Z0.002927729667988599,1706693049980,1727426621408,0,607390,50
req2024-05-12T11:55:01.613769Z0.19556034335991657,1706693049350,1727422620778,0,420490,50
req2024-05-12T11:55:01.593683100Z0.3861011644197375,1706692784890,1727442356318,0,328440,50
req2024-05-12T11:55:01.615766800Z0.37470145668920996,1706692497260,1727420068688,0,330120,50
req2024-05-12T11:55:01.608222Z0.279678464459827,1706692913270,1727427484698,0,482090,50
req2024-05-12T11:55:01.614772200Z0.9957548632472278,1706692781670,1727421353098,0,333060,50
req2024-05-12T11:55:01.610755Z0.8417362245517302,1706693143990,1727425715418,0,469350,50
req2024-05-12T11:55:01.562454Z0.3399323640443247,1706693351960,1727473923388,0,862540,0
req2024-05-12T11:55:01.575554700Z0.17786341725002386,1706692480950,1727460052378,0,295260,50
req2024-05-12T11:55:01.611755300Z0.08677863200073843,1706692785170,1727424356598,0,321580,50
req2024-05-12T11:55:01.610755Z0.48405975607522933,1706692783840,1727425355268,0,329840,50
req2024-05-12T11:55:01.578557600Z0.4910669952815878,1706694707160,1727459278588,0,1080940,0
req2024-05-12T11:55:01.614772200Z0.9231485591954413,1706693049490,1727421620918,0,409360,50
req2024-05-12T11:55:01.486057200Z0.9619282275218491,1706694707300,1727551278728,0,1080590,0
req2024-05-12T11:55:01.612769300Z0.29838935630268515,1706692496420,1727423067848,0,387030,50
req2024-05-12T11:55:01.611755300Z0.5682963611368101,1706693812980,1727425384408,0,1353730,0
req2024-05-12T11:55:01.608222Z0.7474435658115991,1706692140050,1727426711478,0,490490,50
req2024-05-12T11:55:01.581087200Z0.5310895324512641,1706692139420,1727453710848,0,494550,50
req2024-05-12T11:55:01.610755Z0.6162532907281395,1706692971090,1727425542518,0,419440,50
req2024-05-12T11:55:01.615766800Z0.5764318663076119,1706693050470,1727420621898,0,594720,50
req2024-05-12T11:55:01.614772200Z0.011442544157853951,1706693552580,1727422124008,0,1226120,0
req2024-05-12T11:55:01.608222Z0.42505444863037734,1706693552580,1727428124008,0,1228080,0
req2024-05-12T11:55:01.611755300Z0.5397128285626025,1706692496700,1727424068128,0,365190,50
req2024-05-12T11:55:01.615766800Z0.40785781875140725,1706693587510,1727421158938,0,1417080,0
req2024-05-12T11:55:01.613769Z0.3375941641989487,1706692496910,1727422068338,0,358330,50
req2024-05-12T11:55:01.612769300Z0.011161080023341596,1706693401030,1727423972458,0,1304730,0
req2024-05-12T11:55:01.611755300Z0.024866281849762806,1706693049420,1727424620848,0,419860,50
req2024-05-12T11:55:01.611755300Z0.5193194166513948,1706692627180,1727424198608,0,510090,50
req2024-05-12T11:55:01.609738800Z0.6195627158573237,1706693249830,1727426821258,0,529690,49
req2024-05-12T11:55:01.608222Z0.32606671419385447,1706693548590,1727428120018,0,1312220,0
req2024-05-12T11:55:01.608222Z0.7565487552102788,1706693399700,1727427971128,0,381080,3
req2024-05-12T11:55:01.610755Z0.6597642168623743,1706694475670,1727427047098,0,1149260,0
req2024-05-12T11:55:01.612769300Z0.2633936530347637,1706693546000,1727424117428,0,1319010,0
req2024-05-12T11:55:01.609738800Z0.6636118061856686,1706694140300,1727427711728,0,1190490,0
req2024-05-12T11:55:01.610755Z0.04789395568904198,1706692497960,1727425069388,0,533540,50
req2024-05-12T11:55:01.554898800Z0.646186356908157,1706694698480,1727483269908,0,1086330,0
req2024-05-12T11:55:01.574557100Z0.2827266677817022,1706693257250,1727461828678,0,513870,48
req2024-05-12T11:55:01.610755Z0.24497476738936785,1706693458780,1727426030208,0,1242220,0
req2024-05-12T11:55:01.613769Z0.5790065539109639,1706693510440,1727423081868,0,1344770,0
req2024-05-12T11:55:01.614772200Z0.7616850581408692,1706693820540,1727422391968,0,1322930,0
req2024-05-12T11:55:01.615766800Z0.9281627091899023,1706692495510,1727420066938,0,396480,50
req2024-05-12T11:55:01.612769300Z0.2469242525777342,1706692497190,1727423068618,0,331940,50
req2024-05-12T11:55:01.609738800Z0.1367145286185264,1706693049210,1727426620638,0,439670,50
req2024-05-12T11:55:01.614772200Z0.6014474093358761,1706691886230,1727420457658,0,609210,50
req2024-05-12T11:55:01.611755300Z0.8417815940486737,1706693050330,1727424621758,0,601930,50
req2024-05-12T11:55:01.590648400Z0.27071104819936387,1706692495440,1727445066868,0,396620,50
req2024-05-12T11:55:01.610755Z0.5890972345263309,1706693553280,1727426124708,0,1458450,0
req2024-05-12T11:55:01.593683100Z0.6422314401227011,1706694124690,1727443696118,0,1207850,0
req2024-05-12T11:55:01.612769300Z0.2557613170457187,1706694206170,1727424777598,0,1093890,0
req2024-05-12T11:55:01.610755Z0.8975966127293591,1706692495510,1727425066938,0,396550,50
req2024-05-12T11:55:01.589115400Z0.9661964399679799,1706693021210,1727446592638,0,319970,50
req2024-05-12T11:55:01.610755Z0.06709218507477366,1706693300650,1727425872078,0,404530,3
req2024-05-12T11:55:01.610755Z0.31521733297489585,1706693049630,1727425621058,0,607460,50
req2024-05-12T11:55:01.614772200Z0.8524382099178085,1706694314180,1727422885608,0,1322020,0
req2024-05-12T11:55:01.620292900Z0.42788300245817734,1706692394080,1727414965508,0,188720,50
req2024-05-12T11:55:01.621322400Z0.6633789369340028,1706691912480,1727413483908,0,578760,50
req2024-05-12T11:55:01.613769Z0.6745864859426758,1706694707580,1727424279008,0,1073380,0
req2024-05-12T11:55:01.616771500Z0.1383162190692543,1706693146440,1727419717868,0,672980,50
req2024-05-12T11:55:01.620292900Z0.201912182589985,1706692992160,1727415563588,0,372400,50
req2024-05-12T11:55:01.613769Z0.10239358041427415,1706693549500,1727423120928,0,1310470,0
req2024-05-12T11:55:01.611755300Z0.7785063705721094,1706693808080,1727425379508,0,1359400,0
req2024-05-12T11:55:01.608222Z0.6199410042933531,1706692778730,1727427350158,0,339710,50
req2024-05-12T11:55:01.617770700Z0.2563442280404278,1706692785730,1727418357158,0,318640,50
req2024-05-12T11:55:01.618773900Z0.7437633956074629,1706692496490,1727417067918,0,375550,50
req2024-05-12T11:55:01.616771500Z0.6285276184889107,1706693973140,1727420544568,0,1107120,0
req2024-05-12T11:55:01.601207600Z0.12267016289873578,1706695032030,1727436603458,0,777980,0
req2024-05-12T11:55:01.621322400Z0.6420441832820918,1706692496280,1727414067708,0,395570,50
req2024-05-12T11:55:01.613769Z0.009315807017663547,1706692496980,1727422068408,0,347340,50
req2024-05-12T11:55:01.616771500Z0.2976866624132153,1706692477310,1727419048738,0,306600,50
req2024-05-12T11:55:01.608222Z0.5386087152465936,1706693471310,1727428042738,0,1217720,0
req2024-05-12T11:55:01.621322400Z0.5244822359608061,1706692496350,1727414067778,0,395430,50
req2024-05-12T11:55:01.613769Z0.02747596585699097,1706692786080,1727422357508,0,314860,50
req2024-05-12T11:55:01.609738800Z0.09458013356836659,1706694475810,1727428047238,0,1123360,0
req2024-05-12T11:55:01.616771500Z0.4843523875268143,1706693656110,1727420227538,0,1511720,0
req2024-05-12T11:55:01.620292900Z0.16078027122395988,1706692496630,1727415068058,0,375480,50
req2024-05-12T11:55:01.615766800Z0.9567331090203803,1706694031310,1727421602738,0,1310190,0
req2024-05-12T11:55:01.607219600Z0.7316581551407048,1706692496490,1727428067918,0,375620,50
req2024-05-12T11:55:01.612769300Z0.3530097908581301,1706693399700,1727423971128,0,537390,5
req2024-05-12T11:55:01.620292900Z0.9795574024848102,1706692918450,1727415489878,0,477050,50
req2024-05-12T11:55:01.608222Z0.23590339401772653,1706692144880,1727426716308,0,490560,50
req2024-05-12T11:55:01.613769Z0.8911388470265078,1706693551180,1727423122608,0,1292060,0
req2024-05-12T11:55:01.618773900Z0.7848398514689816,1706692915160,1727417486588,0,484190,50
req2024-05-12T11:55:01.617770700Z0.856586913506083,1706693972860,1727419544288,0,1107750,0
req2024-05-12T11:55:01.619776900Z0.5309084480457417,1706692791400,1727416362828,0,464940,50
req2024-05-12T11:55:01.611755300Z0.1997978523396552,1706694304940,1727425876368,0,1319500,0
req2024-05-12T11:55:01.617770700Z0.6436013660307788,1706693249550,1727418820978,0,539350,50
req2024-05-12T11:55:01.618773900Z0.11344363504033339,1706693356580,1727417928008,0,375970,3
req2024-05-12T11:55:01.614772200Z0.8557731067750999,1706693242900,1727421814328,0,548870,50
req2024-05-12T11:55:01.616771500Z0.3861371964162009,1706693806960,1727420378388,0,1376550,0
req2024-05-12T11:55:01.611755300Z0.2079742525615934,1706694704780,1727426276208,0,1082480,0
req2024-05-12T11:55:01.618773900Z0.8468140749004328,1706692789300,1727417360728,0,300230,50
req2024-05-12T11:55:01.616771500Z0.164361399305468,1706693042770,1727419614198,0,502460,50
req2024-05-12T11:55:01.612769300Z0.6738156542503275,1706693653730,1727424225158,0,1513820,0
req2024-05-12T11:55:01.618773900Z0.03341879031561268,1706693049000,1727417620428,0,488250,50
req2024-05-12T11:55:01.615766800Z0.276913096507188,1706694455370,1727422026798,0,1185030,0
req2024-05-12T11:55:01.612769300Z0.8521715667867051,1706692905780,1727423477208,0,305620,50
req2024-05-12T11:55:01.609738800Z0.47899472091712125,1706693537110,1727427108538,0,1317750,0
req2024-05-12T11:55:01.617770700Z0.26285451333982923,1706693261380,1727418832808,0,413420,6
req2024-05-12T11:55:01.613769Z0.3535209412176732,1706693894810,1727423466238,0,1207570,0
req2024-05-12T11:55:01.614772200Z0.21915811246349848,1706693401450,1727421972878,0,590310,25
req2024-05-12T11:55:01.619776900Z0.1758756951858106,1706693392210,1727416963638,0,781270,0
req2024-05-12T11:55:01.615766800Z0.023583674468779847,1706693076860,1727420648288,0,548450,50
req2024-05-12T11:55:01.615766800Z0.42170047028418556,1706693800800,1727421372228,0,1384040,0
req2024-05-12T11:55:01.611755300Z0.9152949860665494,1706693258020,1727424829448,0,471310,48
req2024-05-12T11:55:01.620292900Z0.8833813617662705,1706692635510,1727415206938,0,501340,50
req2024-05-12T11:55:01.614772200Z0.39216497240780845,1706691904710,1727420476138,0,589190,50
req2024-05-12T11:55:01.612769300Z0.38816702900682676,1706694622600,1727425194028,0,960470,0
req2024-05-12T11:55:01.618773900Z0.7187976523388787,1706693042700,1727417614128,0,503790,50
req2024-05-12T11:55:01.613769Z0.517349854951078,1706694674820,1727424246248,0,906290,0
req2024-05-12T11:55:01.616771500Z0.43196695389156725,1706693258230,1727419829658,0,459620,45
req2024-05-12T11:55:01.617770700Z0.49825002970460464,1706693395570,1727418966998,0,364210,4
req2024-05-12T11:55:01.612769300Z0.9443459542509142,1706693537110,1727424108538,0,1318100,0
req2024-05-12T11:55:01.620292900Z2.389579895489824E-5,1706693143360,1727415714788,0,462910,50
req2024-05-12T11:55:01.621322400Z0.22080161372868357,1706691904640,1727413476068,0,586600,50
req2024-05-12T11:55:01.614772200Z0.10153624872946176,1706693537460,1727422108888,0,1317050,0
req2024-05-12T11:55:01.616771500Z0.853728982328839,1706693049980,1727419621408,0,607460,50
req2024-05-12T11:55:01.620292900Z0.15881429892890964,1706693258230,1727415829658,0,464730,46
req2024-05-12T11:55:01.611755300Z0.8002639891441891,1706693855540,1727425426968,0,1263430,0
req2024-05-12T11:55:01.616771500Z0.6446997725851465,1706693066640,1727419638068,0,563220,50
req2024-05-12T11:55:01.614772200Z0.38549679286550587,1706694013600,1727422585028,0,1306480,0
req2024-05-12T11:55:01.616771500Z0.9156600333875939,1706693016240,1727419587668,0,335440,50
req2024-05-12T11:55:01.618773900Z0.7614138056055669,1706693552090,1727418123518,0,1281000,0
req2024-05-12T11:55:01.615766800Z0.07929601778315953,1706693407890,1727420979318,0,582610,20
req2024-05-12T11:55:01.486057200Z0.1494833037763934,1706694708210,1727551279638,0,1072190,0
req2024-05-12T11:55:01.612769300Z0.1165128774794626,1706692496630,1727423068058,0,375340,50
req2024-05-12T11:55:01.614772200Z0.23004635352029312,1706693242900,1727421814328,0,553420,50
req2024-05-12T11:55:01.614772200Z0.3690332264391919,1706691904710,1727420476138,0,587440,50
req2024-05-12T11:55:01.611755300Z0.07251583631046632,1706694626520,1727426197948,0,956060,0
req2024-05-12T11:55:01.619776900Z0.3175493005770287,1706692972980,1727416544408,0,416990,50
req2024-05-12T11:55:01.620292900Z0.30594497386039843,1706692461210,1727415032638,0,90650,50
req2024-05-12T11:55:01.620292900Z0.8975554943989442,1706692791400,1727415362828,0,465010,50
req2024-05-12T11:55:01.613769Z0.7286721997700822,1706692807290,1727422378718,0,443940,50
req2024-05-12T11:55:01.619776900Z0.2488390073101363,1706692506640,1727416078068,0,639800,50
req2024-05-12T11:55:01.573558700Z0.5084486132211236,1706693899010,1727463470438,0,1194410,0
req2024-05-12T11:55:01.618773900Z0.5885314953606818,1706693469840,1727418041268,0,1223600,0
req2024-05-12T11:55:01.621322400Z0.25943341189773805,1706692429080,1727414000508,0,140350,50
req2024-05-12T11:55:01.611755300Z0.4209525378477932,1706694440180,1727426011608,0,1200360,0
req2024-05-12T11:55:01.617770700Z0.08451001816965742,1706694703100,1727420274528,0,1084650,0
req2024-05-12T11:55:01.615766800Z0.8641191115074948,1706692497890,1727420069318,0,535150,50
req2024-05-12T11:55:01.611755300Z0.7575245157292395,1706693564900,1727425136328,0,1456280,0
req2024-05-12T11:55:01.614772200Z0.30985181637413217,1706693717080,1727422288508,0,1472310,0
req2024-05-12T11:55:01.612769300Z0.16337735037043832,1706693991760,1727424563188,0,1085770,0
req2024-05-12T11:55:01.619776900Z0.6951852427424193,1706693042840,1727416614268,0,499870,50
req2024-05-12T11:55:01.616771500Z0.6617613549548196,1706693546560,1727420117988,0,1318660,0
req2024-05-12T11:55:01.615766800Z0.007679638681810652,1706692787270,1727420358698,0,311010,50
req2024-05-12T11:55:01.620292900Z0.34524322846648714,1706692139560,1727414710988,0,490980,50
req2024-05-12T11:55:01.614772200Z0.005038450320781984,1706693049210,1727421620638,0,435400,50
req2024-05-12T11:55:01.614772200Z0.3286420689594044,1706693821310,1727422392738,0,1310890,0
req2024-05-12T11:55:01.613769Z0.8769821031281613,1706693258020,1727422829448,0,470400,49
req2024-05-12T11:55:01.614772200Z0.19262502852958785,1706692791400,1727421362828,0,464870,50
req2024-05-12T11:55:01.616771500Z0.430351091418819,1706693356790,1727419928218,0,375480,4
req2024-05-12T11:55:01.612769300Z0.16924532725212416,1706692985020,1727423556448,0,398650,50
req2024-05-12T11:55:01.618773900Z0.9998893451524771,1706693258510,1727417829938,0,445620,41
req2024-05-12T11:55:01.615766800Z0.04025557757593534,1706692138860,1727419710288,0,495740,50
req2024-05-12T11:55:01.620292900Z0.7183261082432095,1706693265090,1727415836518,0,1036630,0
req2024-05-12T11:55:01.620292900Z0.07811336399149171,1706691912550,1727414483978,0,578690,50
req2024-05-12T11:55:01.620292900Z0.9185853454627605,1706692497470,1727415068898,0,321020,50
req2024-05-12T11:55:01.612769300Z0.21592120695049244,1706694698970,1727425270398,0,1079470,0
req2024-05-12T11:55:01.620292900Z0.2272391809876836,1706692477380,1727415048808,0,304780,50
req2024-05-12T11:55:01.619776900Z0.3613648662659854,1706692638660,1727416210088,0,495670,50
req2024-05-12T11:55:01.617770700Z0.14989445333777696,1706694287580,1727419859008,0,1337140,0
req2024-05-12T11:55:01.613769Z0.30349860734671696,1706692903960,1727422475388,0,309820,50
req2024-05-12T11:55:01.621322400Z0.175638910193732,1706692140190,1727413711618,0,487340,50
req2024-05-12T11:55:01.612769300Z0.41963850262964886,1706692506570,1727423077998,0,638890,50
req2024-05-12T11:55:01.618773900Z0.12782220453436832,1706693146230,1727417717658,0,673120,50
req2024-05-12T11:55:01.620292900Z0.872543900313702,1706691904710,1727414476138,0,728700,50
req2024-05-12T11:55:01.615766800Z0.7914067032971998,1706692913340,1727420484768,0,476000,50
req2024-05-12T11:55:01.620292900Z0.10693834631011045,1706693392770,1727415964198,0,383880,4
req2024-05-12T11:55:01.617770700Z0.2141260262318636,1706693146440,1727418717868,0,672980,50
req2024-05-12T11:55:01.620292900Z0.5958400580052253,1706692145510,1727414716938,0,489930,50
req2024-05-12T11:55:01.617770700Z0.8439904085568541,1706693483280,1727419054708,0,1195950,0
req2024-05-12T11:55:01.612769300Z0.9042450137530255,1706693821310,1727424392738,0,1310820,0
req2024-05-12T11:55:01.609738800Z0.9905860307988396,1706693016380,1727426587808,0,334180,50
req2024-05-12T11:55:01.617770700Z0.49370576314135106,1706693040040,1727418611468,0,511840,50
req2024-05-12T11:55:01.618773900Z0.9257535739480788,1706692496420,1727417067848,0,393120,50
req2024-05-12T11:55:01.619776900Z0.6519707482469664,1706692115830,1727415687258,0,519680,50
req2024-05-12T11:55:01.618773900Z0.3017356877837959,1706694207220,1727418778648,0,1091300,0
req2024-05-12T11:55:01.620292900Z0.6907904149727627,1706692144950,1727414716378,0,483770,50
req2024-05-12T11:55:01.614772200Z0.4796300534692737,1706693552300,1727422123728,0,1263010,0
req2024-05-12T11:55:01.621322400Z0.20139353485934852,1706692394010,1727413965438,0,189700,50
req2024-05-12T11:55:01.621322400Z0.7490196046519717,1706692624310,1727414195738,0,519820,50
req2024-05-12T11:55:01.616771500Z0.6846603297580229,1706692855380,1727419426808,0,385210,50
req2024-05-12T11:55:01.616771500Z0.6470041378727652,1706692496840,1727419068268,0,359310,50
req2024-05-12T11:55:01.611755300Z0.2335685431684944,1706693657370,1727425228798,0,1509690,0
req2024-05-12T11:55:01.557898300Z0.7212002562639798,1706694312710,1727479884138,0,1332380,0
req2024-05-12T11:55:01.619776900Z0.12723836259008192,1706693016660,1727416588088,0,332010,50
req2024-05-12T11:55:01.620292900Z0.9090269616981386,1706692496630,1727415068058,0,366800,50
req2024-05-12T11:55:01.617770700Z0.34946721665618785,1706692963110,1727418534538,0,430570,50
req2024-05-12T11:55:01.617770700Z0.8132651486423451,1706691904780,1727417476208,0,588210,50
req2024-05-12T11:55:01.616771500Z0.9981642838893947,1706694150240,1727420721668,0,1179220,0
req2024-05-12T11:55:01.600192600Z0.7039610574282767,1706692139490,1727434710918,0,488740,50
req2024-05-12T11:55:01.613769Z0.9505290774869508,1706693458850,1727423030278,0,1242920,0
req2024-05-12T11:55:01.617770700Z0.3293956963402458,1706692477380,1727418048808,0,305270,50
req2024-05-12T11:55:01.620292900Z0.1023798519052429,1706692496350,1727415067778,0,395220,50
req2024-05-12T11:55:01.611755300Z0.5632971076886986,1706691912480,1727423483908,0,576450,50
req2024-05-12T11:55:01.612769300Z0.6876042896715328,1706694312990,1727424884418,0,1329230,0
req2024-05-12T11:55:01.612769300Z0.001556389367834532,1706693262500,1727423833928,0,439810,3
req2024-05-12T11:55:01.544344600Z0.01062610705451783,1706693550130,1727492121558,0,1304170,0
req2024-05-12T11:55:01.621322400Z0.49978955040434125,1706692139140,1727413710568,0,495740,50
req2024-05-12T11:55:01.617770700Z0.6080523475560886,1706692785870,1727418357298,0,317590,50
req2024-05-12T11:55:01.616771500Z0.07813688829809329,1706694700720,1727421272148,0,1086680,0
req2024-05-12T11:55:01.615766800Z0.11116334099926561,1706693572040,1727421143468,0,1443470,0
req2024-05-12T11:55:01.577558300Z0.7942885542507215,1706692448540,1727458019968,0,114520,50
req2024-05-12T11:55:01.612769300Z0.03527668630880354,1706693854700,1727424426128,0,1268610,0
req2024-05-12T11:55:01.611755300Z0.03770681788635122,1706693549710,1727425121138,0,1304800,0
req2024-05-12T11:55:01.614772200Z0.4690709688228454,1706693042630,1727421614058,0,507430,50
req2024-05-12T11:55:01.600192600Z0.17199333628742142,1706692497330,1727435068758,0,321580,50
req2024-05-12T11:55:01.618773900Z0.49066251086760027,1706693779870,1727418351298,0,1406440,0
req2024-05-12T11:55:01.619776900Z0.34338330952026785,1706692786920,1727416358348,0,311430,50
req2024-05-12T11:55:01.618773900Z0.6522403948067715,1706694313620,1727418885048,0,1329370,0
req2024-05-12T11:55:01.619776900Z0.7326814504530503,1706693260540,1727416831968,0,413350,5
req2024-05-12T11:55:01.620292900Z0.10775238184417069,1706692496630,1727415068058,0,373170,50
req2024-05-12T11:55:01.555900100Z0.015023775026410946,1706694708490,1727482279918,0,1071490,0
req2024-05-12T11:55:01.618773900Z0.4484473070232735,1706693549570,1727418120998,0,1307810,0
req2024-05-12T11:55:01.612769300Z0.8823895930183616,1706692477450,1727423048878,0,299670,50
req2024-05-12T11:55:01.616771500Z0.9777364189923387,1706693235480,1727419806908,0,574000,50
req2024-05-12T11:55:01.613769Z0.04254443372164762,1706692482560,1727422053988,0,293230,50
req2024-05-12T11:55:01.614772200Z0.7369999816172175,1706694318030,1727422889458,0,1325030,0
req2024-05-12T11:55:01.620292900Z0.14372510169357633,1706692496490,1727415067918,0,384650,50
req2024-05-12T11:55:01.615766800Z0.5667443584991677,1706693260400,1727420831828,0,406420,13
req2024-05-12T11:55:01.617770700Z0.906268411682817,1706693657510,1727419228938,0,1529430,0
req2024-05-12T11:55:01.614772200Z0.9029385848490581,1706692962830,1727421534258,0,431200,50
req2024-05-12T11:55:01.615766800Z0.9157997781722254,1706692977880,1727420549308,0,411670,50
req2024-05-12T11:55:01.573558700Z0.963010381911716,1706693042840,1727462614268,0,500710,50
req2024-05-12T11:55:01.614772200Z0.7146559299721833,1706694693860,1727423265288,0,756070,0
req2024-05-12T11:55:01.578557600Z0.04942334245361102,1706693047950,1727457619378,0,490000,50
req2024-05-12T11:55:01.617770700Z0.8050796298211508,1706693549570,1727419120998,0,1305500,0
req2024-05-12T11:55:01.589115400Z0.8986831887729175,1706692428240,1727445999668,0,141820,50
req2024-05-12T11:55:01.556900500Z0.8370831025363586,1706693491050,1727480062478,0,1074640,0
req2024-05-12T11:55:01.617770700Z0.872104542270007,1706693563010,1727419134438,0,1459570,0
req2024-05-12T11:55:01.618773900Z0.4611056468640915,1706693983640,1727418555068,0,1094380,0
req2024-05-12T11:55:01.613769Z0.9544039786067816,1706693016100,1727422587528,0,339010,50
req2024-05-12T11:55:01.616771500Z0.8315176687990988,1706693043470,1727419614898,0,495670,50
req2024-05-12T11:55:01.619776900Z0.6294013830960351,1706693145180,1727416716608,0,655550,50
req2024-05-12T11:55:01.613769Z0.4747023205149721,1706693261240,1727422832668,0,411600,5
req2024-05-12T11:55:01.614772200Z0.6237149761614271,1706692498520,1727421069948,0,646730,50
req2024-05-12T11:55:01.616771500Z0.6196967765501923,1706693552580,1727420124008,0,1228010,0
req2024-05-12T11:55:01.613769Z0.4063782113831693,1706693068040,1727422639468,0,560770,50
req2024-05-12T11:55:01.615766800Z0.6272207218554265,1706693537390,1727421108818,0,1317260,0
req2024-05-12T11:55:01.617770700Z0.3560889930148292,1706694622670,1727420194098,0,960120,0
req2024-05-12T11:55:01.610755Z0.31602128591780265,1706693657440,1727426228868,0,1509690,0
req2024-05-12T11:55:01.617770700Z0.8322151417422272,1706693800590,1727419372018,0,1385790,0
req2024-05-12T11:55:01.616771500Z0.3455411851928374,1706692781250,1727419352678,0,336280,50
req2024-05-12T11:55:01.613769Z0.6072084760235832,1706693042630,1727422614058,0,506380,50
req2024-05-12T11:55:01.616771500Z0.6305571914765097,1706694290380,1727420861808,0,1334130,0
req2024-05-12T11:55:01.619776900Z0.061731953256472294,1706693049700,1727416621128,0,607600,50
req2024-05-12T11:55:01.621322400Z0.5802493484086693,1706692635580,1727414207008,0,501200,50
req2024-05-12T11:55:01.621322400Z0.559531747241326,1706692496350,1727414067778,0,395500,50
req2024-05-12T11:55:01.560410400Z0.45118516402910946,1706692496630,1727475068058,0,367220,50
req2024-05-12T11:55:01.615766800Z0.7497993138966116,1706694700650,1727422272078,0,1077230,0
req2024-05-12T11:55:01.612769300Z0.44260953388188395,1706692516230,1727423087658,0,629860,50
req2024-05-12T11:55:01.608222Z0.48921117373874623,1706694402660,1727428974088,0,1239140,0
req2024-05-12T11:55:01.613769Z0.5644273801801912,1706692785940,1727422357368,0,316540,50
req2024-05-12T11:55:01.621322400Z0.3194802208453257,1706692394080,1727413965508,0,189490,50
req2024-05-12T11:55:01.606218800Z0.8124872762797638,1706692492290,1727429063718,0,419790,50
req2024-05-12T11:55:01.606218800Z0.49129407529401725,1706693025200,1727429596628,0,308560,50
req2024-05-12T11:55:01.600192600Z0.7147948729432687,1706693357840,1727435929268,0,388780,4
req2024-05-12T11:55:01.598682Z0.6660186961840194,1706693711480,1727438282908,0,1466150,0
req2024-05-12T11:55:01.602228300Z0.6090889659204604,1706692785870,1727433357298,0,317170,50
req2024-05-12T11:55:01.604220600Z0.13927099233057016,1706692496840,1727431068268,0,359310,50
req2024-05-12T11:55:01.604220600Z0.5964509446330354,1706692795600,1727431367028,0,460880,50
req2024-05-12T11:55:01.606218800Z0.8489463770876643,1706692492150,1727429063578,0,419720,50
req2024-05-12T11:55:01.601207600Z0.45855645840551706,1706693795550,1727435366978,0,1391810,0
req2024-05-12T11:55:01.600192600Z0.7917610424953889,1706692496980,1727435068408,0,340970,50
req2024-05-12T11:55:01.602228300Z0.5465373071068,1706692806730,1727433378158,0,450310,50
req2024-05-12T11:55:01.596681500Z0.3958529471788099,1706693258160,1727439829588,0,467950,47
req2024-05-12T11:55:01.596681500Z0.822222911677701,1706693889280,1727440460708,0,1219890,0
req2024-05-12T11:55:01.606218800Z0.5045422911016885,1706693540470,1727430111898,0,1314040,0
req2024-05-12T11:55:01.604220600Z0.056867568690844084,1706692140120,1727430711548,0,489580,50
req2024-05-12T11:55:01.598682Z0.9970799188900195,1706692856150,1727437427578,0,383530,50
req2024-05-12T11:55:01.601207600Z0.11111385021919207,1706693242340,1727434813768,0,564830,50
req2024-05-12T11:55:01.603221200Z0.42558723679211985,1706692363490,1727431934918,0,225890,50
req2024-05-12T11:55:01.605218900Z0.007285987709561348,1706693039830,1727430611258,0,511560,50
req2024-05-12T11:55:01.596681500Z0.1639162275292182,1706693629930,1727440201358,0,1371580,0
req2024-05-12T11:55:01.604220600Z0.7875811397879421,1706692772080,1727431343508,0,350980,50
req2024-05-12T11:55:01.603221200Z0.6287024378762959,1706692997060,1727432568488,0,360780,50
req2024-05-12T11:55:01.599681800Z0.02595685304456885,1706693049210,1727436620638,0,434350,50
req2024-05-12T11:55:01.594682700Z0.2995777360054984,1706694031380,1727442602808,0,1309770,0
req2024-05-12T11:55:01.597680700Z0.42936464300086696,1706694439200,1727440010628,0,1201410,0
req2024-05-12T11:55:01.605218900Z0.7379179167862191,1706693258090,1727430829518,0,468580,48
req2024-05-12T11:55:01.605218900Z0.30553282072408894,1706692856360,1727430427788,0,378980,50
req2024-05-12T11:55:01.602228300Z0.32651734796893583,1706691875310,1727432446738,0,621180,50
req2024-05-12T11:55:01.604220600Z0.6557914022367334,1706692489700,1727431061128,0,245700,50
req2024-05-12T11:55:01.598682Z0.39452346986613995,1706693049980,1727437621408,0,606760,50
req2024-05-12T11:55:01.599681800Z0.4938674393139566,1706693400820,1727436972248,0,406280,2
req2024-05-12T11:55:01.595682300Z0.19003802241003542,1706694306130,1727441877558,0,1318310,0
req2024-05-12T11:55:01.600192600Z0.3054214521629416,1706692498030,1727435069458,0,520520,50
req2024-05-12T11:55:01.606218800Z0.6643173941712219,1706692497750,1727429069178,0,300930,50
req2024-05-12T11:55:01.600192600Z0.9544321465358275,1706692821430,1727435392858,0,429800,50
req2024-05-12T11:55:01.549868600Z0.4630349552381491,1706694694210,1727488265638,0,753200,0
req2024-05-12T11:55:01.553899Z0.13696666741000485,1706693311220,1727482882648,0,412860,5
req2024-05-12T11:55:01.602228300Z0.09175100828199845,1706692480040,1727433051468,0,294630,50
req2024-05-12T11:55:01.602228300Z0.3880527518163138,1706693038850,1727433610278,0,512960,50
req2024-05-12T11:55:01.605218900Z0.5487257138776752,1706692492290,1727430063718,0,420350,50
req2024-05-12T11:55:01.551886200Z0.03221741581955495,1706693258160,1727484829588,0,468440,48
req2024-05-12T11:55:01.602228300Z0.8320834353571858,1706693476630,1727434048058,0,1211490,0
req2024-05-12T11:55:01.602228300Z0.30075947323689656,1706692992230,1727433563658,0,372190,50
req2024-05-12T11:55:01.582092500Z0.7538613101136884,1706692477730,1727453049158,0,298900,50
req2024-05-12T11:55:01.590648400Z0.2818379201522023,1706693502880,1727446074308,0,1352470,0
req2024-05-12T11:55:01.598682Z0.47606562641960426,1706693147350,1727437718778,0,672560,50
req2024-05-12T11:55:01.605218900Z0.6477760795013885,1706693537600,1727431109028,0,1317050,0
req2024-05-12T11:55:01.598682Z0.5121202652468807,1706693889280,1727438460708,0,1219890,0
req2024-05-12T11:55:01.557898300Z0.6536281615811517,1706694151360,1727479722788,0,1177260,0
req2024-05-12T11:55:01.600192600Z0.5953302772106793,1706692051500,1727434622928,0,583310,50
req2024-05-12T11:55:01.600192600Z0.2469905445402858,1706692479970,1727435051398,0,296380,50
req2024-05-12T11:55:01.606218800Z0.9686397934156282,1706693392210,1727429963638,0,361200,3
req2024-05-12T11:55:01.599681800Z0.9303187143593052,1706692903960,1727436475388,0,308490,50
req2024-05-12T11:55:01.598682Z0.977339183523322,1706693540610,1727438112038,0,1320410,0
req2024-05-12T11:55:01.551886200Z0.18745503478348258,1706694196440,1727485767868,0,1104670,0
req2024-05-12T11:55:01.604220600Z0.6082892630724134,1706692142710,1727430714138,0,483420,50
req2024-05-12T11:55:01.599681800Z0.8173447773588409,1706693075950,1727436647378,0,549360,50
req2024-05-12T11:55:01.601207600Z0.07535385748625567,1706692911870,1727434483298,0,297570,50
req2024-05-12T11:55:01.605218900Z0.9197112854284105,1706692486900,1727430058328,0,278180,50
req2024-05-12T11:55:01.600192600Z0.10760059957561763,1706693230230,1727435801658,0,589610,50
req2024-05-12T11:55:01.591668200Z0.3649999019201281,1706694314320,1727445885748,0,1329650,0
req2024-05-12T11:55:01.600192600Z0.984765282733486,1706692795670,1727435367098,0,461510,50
req2024-05-12T11:55:01.604220600Z0.540658999084765,1706693029890,1727431601318,0,302750,50
req2024-05-12T11:55:01.600192600Z0.3993916466075187,1706692785030,1727435356458,0,324310,50
req2024-05-12T11:55:01.597680700Z0.042924610272615626,1706694104320,1727439675748,0,1237250,0
req2024-05-12T11:55:01.596681500Z0.1523460568307089,1706693821380,1727440392808,0,1310750,0
req2024-05-12T11:55:01.600192600Z0.25051829990565,1706692497120,1727435068548,0,339430,50
req2024-05-12T11:55:01.606218800Z0.22630898482263206,1706692475280,1727429046708,0,309610,50
req2024-05-12T11:55:01.604220600Z0.7550334446116146,1706692486900,1727431058328,0,278250,50
req2024-05-12T11:55:01.601207600Z0.900008365855466,1706693553000,1727435124428,0,1219540,0
req2024-05-12T11:55:01.605218900Z0.4708727005358291,1706692457570,1727430028998,0,93870,50
req2024-05-12T11:55:01.598682Z0.3163906852075171,1706694565690,1727439137118,0,1032430,0
req2024-05-12T11:55:01.603221200Z0.6839790956671178,1706692765920,1727432337348,0,359660,50
req2024-05-12T11:55:01.603221200Z0.4417961162969367,1706692772080,1727432343508,0,348740,50
req2024-05-12T11:55:01.598682Z0.47604992385575473,1706692968010,1727437539438,0,424900,50
req2024-05-12T11:55:01.601207600Z0.6391210619322928,1706693301210,1727434872638,0,408800,4
req2024-05-12T11:55:01.604220600Z0.8859043574098157,1706693782180,1727432353608,0,1407700,0
req2024-05-12T11:55:01.589115400Z0.033038672233119515,1706692777750,1727446349178,0,341740,50
req2024-05-12T11:55:01.603221200Z0.20273745088261397,1706692479970,1727432051398,0,294700,50
req2024-05-12T11:55:01.597680700Z0.547622914995041,1706693572810,1727439144238,0,1442350,0
req2024-05-12T11:55:01.601207600Z0.26166825160076046,1706693019180,1727434590608,0,328300,50
req2024-05-12T11:55:01.603221200Z0.9683979201197671,1706692137740,1727431709168,0,497560,50
req2024-05-12T11:55:01.603221200Z0.4903722617237858,1706692913550,1727432484978,0,480690,50
req2024-05-12T11:55:01.602228300Z0.2856416314542217,1706693257460,1727433828888,0,507710,48
req2024-05-12T11:55:01.598682Z0.04403167791782148,1706694077090,1727438648518,0,1264550,0
req2024-05-12T11:55:01.605218900Z0.3242965094562812,1706692783280,1727430354708,0,331380,50
req2024-05-12T11:55:01.603221200Z0.3741795203510475,1706693624190,1727433195618,0,1379000,0
req2024-05-12T11:55:01.569974Z0.5557565376291939,1706694682800,1727468254228,0,879270,0
req2024-05-12T11:55:01.597680700Z0.6891609569952375,1706693863590,1727439435018,0,1254820,0
req2024-05-12T11:55:01.607219600Z0.648033723352131,1706692497120,1727428068548,0,337190,50
req2024-05-12T11:55:01.600192600Z0.5271704869814103,1706692393870,1727434965298,0,190190,50
req2024-05-12T11:55:01.607219600Z0.05300268355239146,1706692140260,1727427711688,0,487060,50
req2024-05-12T11:55:01.595682300Z0.7705915370633963,1706693331450,1727440902878,0,397670,5
req2024-05-12T11:55:01.604220600Z0.28192852824819636,1706692693890,1727431265318,0,435750,50
req2024-05-12T11:55:01.600192600Z0.8495288928628868,1706693300930,1727435872358,0,970480,0
req2024-05-12T11:55:01.606218800Z0.38164803571330685,1706692804280,1727429375708,0,452690,50
req2024-05-12T11:55:01.601207600Z0.35292246482696576,1706693049210,1727434620638,0,422310,50
req2024-05-12T11:55:01.604220600Z0.15948241238930894,1706692139350,1727430710778,0,495880,50
req2024-05-12T11:55:01.604220600Z0.09110824168448173,1706693502040,1727432073468,0,1353310,0
req2024-05-12T11:55:01.596681500Z0.6581796702653099,1706692806520,1727439377948,0,450590,50
req2024-05-12T11:55:01.606218800Z0.23784515741832823,1706692497960,1727429069388,0,533540,50
req2024-05-12T11:55:01.600192600Z0.8542313916039367,1706692518050,1727435089478,0,627620,50
req2024-05-12T11:55:01.486057200Z0.38228021972478654,1706694707580,1727551279008,0,1073450,0
req2024-05-12T11:55:01.604220600Z0.5306515111888455,1706693553210,1727432124638,0,1467620,0
req2024-05-12T11:55:01.599681800Z0.2843802285797411,1706692759410,1727436330838,0,366170,50
req2024-05-12T11:55:01.597680700Z0.30650767496405207,1706693893130,1727439464558,0,1215970,0
req2024-05-12T11:55:01.605218900Z0.08947187450425698,1706693357840,1727430929268,0,414260,2
req2024-05-12T11:55:01.590122400Z0.4470952009081576,1706692498450,1727445069878,0,463120,50
req2024-05-12T11:55:01.605218900Z0.0011263661406314407,1706693762160,1727431333588,0,1425620,0
req2024-05-12T11:55:01.596681500Z0.07561721450186254,1706693016800,1727439588228,0,330680,50
req2024-05-12T11:55:01.603221200Z0.49901619087317617,1706693050400,1727432621828,0,601860,50
req2024-05-12T11:55:01.569974Z0.34549505441206707,1706694030750,1727467602178,0,1314530,0
req2024-05-12T11:55:01.595682300Z0.7003066279704502,1706694208480,1727441779908,0,1418830,0
req2024-05-12T11:55:01.596681500Z0.839580078013538,1706694092770,1727440664198,0,1248450,0
req2024-05-12T11:55:01.602228300Z0.07847811351396417,1706692427890,1727432999318,0,142870,50
req2024-05-12T11:55:01.597680700Z0.9206338530859846,1706692982990,1727438554418,0,405090,50
req2024-05-12T11:55:01.603221200Z0.7429307624046769,1706692709500,1727432280928,0,420070,50
req2024-05-12T11:55:01.597680700Z0.175608461503593,1706693235620,1727438807048,0,571410,50
req2024-05-12T11:55:01.598682Z0.24870649113671817,1706694288210,1727438859638,0,1336440,0
req2024-05-12T11:55:01.606218800Z0.49343105569001344,1706692142710,1727428714138,0,484470,50
req2024-05-12T11:55:01.555900100Z0.09536619564180027,1706693795550,1727481366978,0,1391320,0
req2024-05-12T11:55:01.597680700Z0.48690781912084147,1706694154580,1727439726008,0,1167740,0
req2024-05-12T11:55:01.602228300Z0.5329624097066094,1706693050190,1727433621618,0,604520,50
req2024-05-12T11:55:01.591668200Z0.7813245316175413,1706693265440,1727444836868,0,420140,2
req2024-05-12T11:55:01.600192600Z0.42704175370629305,1706693746690,1727436318118,0,1441370,0
req2024-05-12T11:55:01.604220600Z0.9325762997443947,1706693236810,1727431808238,0,563570,50
req2024-05-12T11:55:01.607219600Z0.9864655314857362,1706692476400,1727428047828,0,306600,50
req2024-05-12T11:55:01.603221200Z0.636989840793972,1706692496910,1727432068338,0,357910,50
req2024-05-12T11:55:01.603221200Z0.45916717710897825,1706693329770,1727432901198,0,395990,3
req2024-05-12T11:55:01.596681500Z0.006304494182825637,1706693050120,1727439621548,0,605640,50
req2024-05-12T11:55:01.603221200Z0.166944013484141,1706691895890,1727431467318,0,596260,50
req2024-05-12T11:55:01.598682Z0.6963912658935629,1706694565970,1727440137398,0,1015700,0
req2024-05-12T11:55:01.603221200Z0.45978420294463984,1706693491400,1727433062828,0,1365070,0
req2024-05-12T11:55:01.603221200Z0.5158511900067315,1706693251370,1727432822798,0,527030,48
req2024-05-12T11:55:01.605218900Z0.12788533846686057,1706693113750,1727430685178,0,509880,50
req2024-05-12T11:55:01.603221200Z0.9814304374303077,1706692139840,1727431711268,0,480550,50
req2024-05-12T11:55:01.596681500Z0.7273876918471506,1706693394800,1727439966228,0,368270,2
req2024-05-12T11:55:01.603221200Z0.6097411473222932,1706693552370,1727433123798,0,1255030,0
req2024-05-12T11:55:01.596681500Z0.48827310811814706,1706692912080,1727439483508,0,296100,50
req2024-05-12T11:55:01.602228300Z0.6138976372418602,1706693300930,1727433872358,0,408590,6
req2024-05-12T11:55:01.605218900Z0.6546927554860372,1706692142640,1727429714068,0,484540,50
req2024-05-12T11:55:01.606218800Z0.14196233486833876,1706693553070,1727430124498,0,1203020,0
req2024-05-12T11:55:01.606218800Z0.793871190042391,1706693813120,1727430384548,0,1353660,0
req2024-05-12T11:55:01.606218800Z0.8219236552481193,1706692822690,1727429394118,0,419580,50
req2024-05-12T11:55:01.600192600Z0.3315591256504311,1706692432370,1727435003798,0,133000,50
req2024-05-12T11:55:01.604220600Z0.6611245600191825,1706693546490,1727432117918,0,1318870,0
req2024-05-12T11:55:01.606218800Z0.13597789352280998,1706692785730,1727429357158,0,318710,50
req2024-05-12T11:55:01.598682Z0.04506133975320026,1706694125880,1727438697308,0,1206380,0
req2024-05-12T11:55:01.592693800Z0.3604085338487305,1706694104320,1727444675748,0,1235360,0
req2024-05-12T11:55:01.593683100Z0.8159659715015547,1706693540470,1727443111898,0,1325100,0
req2024-05-12T11:55:01.606218800Z0.3345456469585446,1706693265440,1727429836868,0,1010100,0
req2024-05-12T11:55:01.602228300Z0.7679989975491871,1706692461210,1727433032638,0,90580,50
req2024-05-12T11:55:01.602228300Z0.48580407629481914,1706693552300,1727434123728,0,1277920,0
req2024-05-12T11:55:01.595682300Z0.5169825717879242,1706694471960,1727442043388,0,1152900,0
req2024-05-12T11:55:01.603221200Z0.5284311582671654,1706692143900,1727431715328,0,481320,50
req2024-05-12T11:55:01.604220600Z0.18305790042735337,1706692498100,1727431069528,0,519610,50
req2024-05-12T11:55:01.602228300Z0.4823570441142545,1706693581700,1727434153128,0,1432410,0
req2024-05-12T11:55:01.606218800Z0.4048739896602578,1706691875940,1727428447368,0,620760,50
req2024-05-12T11:55:01.604220600Z0.2458808275921961,1706693014210,1727431585638,0,340900,50
req2024-05-12T11:55:01.578557600Z0.5556143736335868,1706693462490,1727458033918,0,1240540,0
req2024-05-12T11:55:01.607219600Z0.3568911521775351,1706692145020,1727427716448,0,483420,50
req2024-05-12T11:55:01.604220600Z0.13263252541043047,1706693384230,1727431955658,0,793730,0
req2024-05-12T11:55:01.597680700Z0.10123702684025637,1706693293160,1727438864588,0,408870,3
req2024-05-12T11:55:01.603221200Z0.4399347275504988,1706692492290,1727432063718,0,420560,50
req2024-05-12T11:55:01.605218900Z0.06714168198728754,1706692997480,1727430568908,0,360290,50
req2024-05-12T11:55:01.604220600Z0.9927329696171396,1706693049280,1727431620708,0,421680,50
req2024-05-12T11:55:01.596681500Z0.7731955467658778,1706694031730,1727440603158,0,1309840,0
req2024-05-12T11:55:01.606218800Z0.18990194629617052,1706693175280,1727429746708,0,644420,50
req2024-05-12T11:55:01.576555Z0.16534380775020863,1706694077650,1727460649078,0,1263850,0
req2024-05-12T11:55:01.598682Z0.9634422948842425,1706693257950,1727437829378,0,483140,50
req2024-05-12T11:55:01.575554700Z0.7202576665540108,1706693400820,1727460972248,0,412230,5
req2024-05-12T11:55:01.555900100Z0.043469883946237964,1706694688120,1727482259548,0,771750,0
req2024-05-12T11:55:01.596681500Z0.05600654694382823,1706694682730,1727441254158,0,883050,0
req2024-05-12T11:55:01.548352700Z0.7472792565277189,1706694677690,1727489249118,0,899920,0
req2024-05-12T11:55:01.604220600Z0.011535762539134797,1706693265440,1727431836868,0,445270,2
req2024-05-12T11:55:01.597680700Z0.8902084218727496,1706693025060,1727438596488,0,313390,50
req2024-05-12T11:55:01.604220600Z0.6050774669306644,1706692882680,1727431454108,0,351260,50
req2024-05-12T11:55:01.602228300Z0.5673712662380195,1706692497960,1727433069388,0,533820,50
req2024-05-12T11:55:01.600192600Z0.82558622316449,1706693257600,1727435829028,0,488110,48
req2024-05-12T11:55:01.599681800Z0.34904797432379664,1706693658350,1727437229778,0,1510950,0
req2024-05-12T11:55:01.606218800Z0.39685076203556224,1706692633830,1727429205258,0,503300,50
req2024-05-12T11:55:01.599681800Z0.06232707449348984,1706693546000,1727437117428,0,1313060,0
req2024-05-12T11:55:01.607219600Z0.5190275353445396,1706692456940,1727428028368,0,103040,50
req2024-05-12T11:55:01.607219600Z0.7136835524367178,1706691875030,1727427446458,0,621740,50
req2024-05-12T11:55:01.602228300Z0.12991338450353151,1706692486900,1727433058328,0,277970,50
req2024-05-12T11:55:01.596681500Z0.3090352088061624,1706693542640,1727440114068,0,1320550,0
req2024-05-12T11:55:01.601207600Z0.6857769713700287,1706692971160,1727434542588,0,418950,50
req2024-05-12T11:55:01.603221200Z0.5536415691301789,1706693038850,1727432610278,0,512890,50
req2024-05-12T11:55:01.597680700Z0.7747301560704054,1706693820540,1727439391968,0,1323630,0
req2024-05-12T11:55:01.605218900Z0.39375045867426883,1706692461700,1727430033128,0,86240,50
req2024-05-12T11:55:01.552901300Z0.3141743607114592,1706693467950,1727484039378,0,1230040,0
req2024-05-12T11:55:01.606218800Z0.30438320997891677,1706692457570,1727429028998,0,94290,50
req2024-05-12T11:55:01.602228300Z0.8702153862932516,1706692913620,1727433485048,0,480970,50
req2024-05-12T11:55:01.601207600Z0.22454799967767802,1706693310030,1727434881458,0,417690,3
req2024-05-12T11:55:01.599681800Z0.4551666783162923,1706693014910,1727436586338,0,340200,50
req2024-05-12T11:55:01.600192600Z0.45445630206115306,1706692486760,1727435058188,0,288190,50
req2024-05-12T11:55:01.596681500Z0.5504524248535178,1706694314180,1727440885608,0,1327480,0
req2024-05-12T11:55:01.602228300Z0.4155881589445686,1706692409410,1727432980838,0,167440,50
req2024-05-12T11:55:01.597680700Z0.7622750503667337,1706694245440,1727439816868,0,1379490,0
req2024-05-12T11:55:01.602228300Z0.6362037060163014,1706692492290,1727433063718,0,420490,50
